terrain,density,seed,numUAV,mission_time_s,fleet_energy_MJ,energy_per_UAV_MJ,HPC_pct,sorties,energy_per_bit_J,any_collision,met_hpc_target,composite_score,is_optimal_for_seed
flat,low,24002,1,6055,10.5769478928538,10.5769478928538,86.6704161979753,12,1048.65850922551,0,1,0.4,0
flat,low,24002,2,3808.75,11.4775091362882,5.73875456814408,86.4454443194601,13,1056.5927985494,0,1,0.13645019511101,1
flat,low,24002,3,3321.25,13.2652990670986,4.42176635569954,86.4454443194601,15,1069.33545918862,0,1,0.14531994895617,0
flat,low,24002,4,3078.75,13.2714032775882,3.31785081939704,86.1079865016873,15,1090.03881323493,1,1,8.12482351468438,0
flat,low,24002,5,3468.75,13.2438470093592,2.64876940187184,86.6704161979753,15,1148.96604181881,0,1,0.209977820526496,0
flat,low,24002,6,3726.25,13.2491955176075,2.20819925293458,85.7705286839145,15,1242.83792900767,0,1,0.29858728186999,0
flat,low,24002,7,3221.25,12.3718398692144,1.76740569560206,85.4893138357705,14,1239.48569505367,0,1,0.195873395978088,0
flat,low,24002,8,4222.5,15.0113520421743,1.87641900527178,87.1766029246344,17,1336.3877685101,1,1,8.48502210916477,0
flat,low,24002,9,4108.75,15.0186621377187,1.6687402375243,85.4893138357705,17,1418.7791512024,1,1,8.51723027276394,0
flat,low,24002,10,3895,15.0398821042773,1.50398821042773,85.4330708661417,17,1414.28747623991,1,1,8.48672476150187,0
flat,low,24002,11,5237.5,18.5718164745878,1.68834695223525,87.007874015748,21,1572.0935314134,1,1,8.89013019739605,0
flat,low,24002,12,4091.25,15.9205266304862,1.32671055254052,85.5455568053993,18,1546.47246417525,1,1,8.62190571283188,0
flat,low,24003,1,6005,10.5871106889229,10.5871106889229,85.6736782262649,12,1041.88904978584,0,1,0.400678030746324,0
flat,low,24003,2,4418.75,13.2345780702025,6.61728903510123,86.1284820920978,15,1041.08819399741,0,1,0.346745276862389,0
flat,low,24003,3,2895,11.48915331036,3.82971777011999,85.5599772598067,13,1057.46750262719,0,1,0.0674784471798347,1
flat,low,24003,4,2873.75,12.3865120864453,3.09662802161133,85.5031267765776,14,1056.10568500799,0,1,0.114243253900167,0
flat,low,24003,5,3178.75,12.3773776009024,2.47547552018049,86.5832859579306,14,1112.17929912719,0,1,0.200163686595245,0
flat,low,24003,6,2971.25,12.368932531255,2.06148875520916,85.5031267765776,14,1146.28595264459,0,1,0.202056008358637,0
flat,low,24003,7,3568.75,14.1420149582866,2.0202878511838,86.0147811256396,16,1224.83391223513,1,1,8.44492856879994,0
flat,low,24003,8,3191.25,14.1613917250256,1.7701739656282,87.0380898237635,16,1182.5130739481,1,1,8.3619681174126,0
flat,low,24003,9,3596.25,14.1439706487113,1.57155229430126,86.4127345082433,16,1271.56067340792,1,1,8.48811229698311,0
flat,low,24003,10,3796.25,15.0252298875356,1.50252298875356,86.3558840250142,17,1347.22444107615,1,1,8.62744456451922,0
flat,low,24003,11,3360,14.1461810358476,1.28601645780433,85.9579306424105,16,1346.35531468786,1,1,8.521380968132,0
flat,low,24003,12,3733.75,15.9040217548739,1.32533514623949,85.5031267765776,18,1395.43309329906,1,1,8.70986027944112,0
flat,low,24004,1,6025,10.5764686014314,10.5764686014314,87.4572405929304,12,1046.99126226374,0,1,0.403963896201995,0
flat,low,24004,2,3556.25,10.5955929823372,5.29779649116859,86.6590649942987,12,1039.77102758415,0,1,0.0864323247847941,0
flat,low,24004,3,2885,11.4930293329932,3.83100977766439,85.1197263397948,13,1070.35458405982,0,1,0.0610152976208415,1
flat,low,24004,4,3726.25,15.0299734550307,3.75749336375767,86.9441277080958,17,1089.15041564284,0,1,0.349160898375483,0
flat,low,24004,5,3640,14.1454201951299,2.82908403902597,86.0319270239453,16,1140.01005788652,0,1,0.323414905912517,0
flat,low,24004,6,3738.75,14.1481735444696,2.35802892407827,87.2862029646522,16,1211.40634940907,1,1,8.37532381471198,0
flat,low,24004,7,3063.75,12.3701818871113,1.7671688410159,85.4047890535918,14,1214.35531759179,1,1,8.2051656433144,0
flat,low,24004,8,3245,13.2739282263221,1.65924102829027,86.2029646522235,15,1241.84344932375,1,1,8.28695242280298,0
flat,low,24004,9,3563.75,14.1360552015275,1.57067280016973,85.9749144811859,16,1310.02148748832,1,1,8.40658563703237,0
flat,low,24004,10,3957.5,15.0132241897445,1.50132241897445,86.7160775370582,17,1403.90060542089,1,1,8.55060863148007,0
flat,low,24004,11,4193.75,15.9323819515248,1.44839835922953,85.4618015963512,18,1482.94489570326,1,1,8.66844963786876,0
flat,low,24004,12,4412.5,16.7939553679383,1.39949628066153,86.2029646522235,19,1586.22085711941,1,1,8.79458598726115,0
flat,low,24005,1,5972.5,10.5731002379561,10.5731002379561,86.5352112676056,12,1114.0493755294,0,1,0.411065275001794,0
flat,low,24005,2,3830,11.4773449313078,5.73867246565392,85.4647887323944,13,1099.77896686105,0,1,0.156748394588989,0
flat,low,24005,3,3136.25,12.3674901440032,4.12249671466774,85.5211267605634,14,1107.33608439971,0,1,0.109073032755461,1
flat,low,24005,4,3051.25,13.2635689086025,3.31589222715062,85.0704225352113,15,1113.58124658517,1,1,8.1405981607102,0
flat,low,24005,5,2927.5,12.3754277116318,2.47508554232636,86.0281690140845,14,1169.65394545532,1,1,8.13030756555458,0
flat,low,24005,6,3101.25,12.3834927782584,2.06391546304307,86.1408450704225,14,1211.80536259481,1,1,8.18615672827822,0
flat,low,24005,7,3410,13.2481390030326,1.89259128614751,86.8732394366197,15,1293.14125126201,1,1,8.32630370000424,0
flat,low,24005,8,3101.25,13.248020494497,1.65600256181213,86.2535211267606,15,1251.14483302293,1,1,8.25317637911475,0
flat,low,24005,9,3553.75,14.1419201695383,1.57132446328204,85.4647887323944,16,1371.65869811187,1,1,8.44382097348935,0
flat,low,24005,10,3281.25,14.155377815621,1.4155377815621,85.8028169014084,16,1380.20311741679,1,1,8.41521835132231,0
flat,low,24005,11,4353.75,17.6757280414974,1.60688436740886,86.5915492957746,20,1439.80431667154,1,1,8.75101198094987,0
flat,low,24005,12,3775,15.9414143919071,1.32845119932559,86.5352112676056,18,1486.67604802813,1,1,8.63807630300428,0
flat,low,24006,1,5892.5,10.5802541391167,10.5802541391167,85.5536818437324,12,1061.77757156361,0,1,0.424034172483493,0
flat,low,24006,2,3820,11.477868604855,5.73893430242748,86.9589657110736,13,1030.39843613601,0,1,0.160879115035016,1
flat,low,24006,3,3345,13.2537893667963,4.4179297889321,85.8347386172007,15,1037.11741180835,0,1,0.198880629228554,0
flat,low,24006,4,3273.75,13.2612437623341,3.31531094058353,87.2400224845419,15,1030.00324982167,0,1,0.183959916503185,0
flat,low,24006,5,3030,13.2709208690581,2.65418417381161,85.5536818437324,15,1083.36470922298,0,1,0.190802579673019,0
flat,low,24006,6,3202.5,13.2508567054758,2.2084761175793,85.5536818437324,15,1151.06990333784,1,1,8.26499793071401,0
flat,low,24006,7,3748.75,14.1462772537036,2.02089675052909,86.1720067453626,16,1247.94940682609,1,1,8.46467421146776,0
flat,low,24006,8,3203.75,13.2513050789743,1.65641313487178,85.947161326588,15,1238.06772821715,1,1,8.33100303404933,0
flat,low,24006,9,3718.75,15.0359733353144,1.67066370392382,85.2726250702642,17,1304.24275305071,1,1,8.55280694407907,0
flat,low,24006,10,3543.75,14.1342876061256,1.41342876061256,85.0477796514896,16,1335.40769572046,1,1,8.50151121884242,0
flat,low,24006,11,3845,15.0242327106449,1.36583933733136,85.4974704890388,17,1417.97215966927,1,1,8.6558176202486,0
flat,low,24006,12,3888.75,15.94585405188,1.32882117099,85.5536818437324,18,1426.61755094355,1,1,8.72,0
flat,low,24007,1,5542.5,9.70644097063833,9.70644097063833,86.4232743867655,11,1075.3626257257,0,1,0.4,0
flat,low,24007,2,3802.5,11.4781526326909,5.73907631634543,85.5105533371363,13,1095.12554255315,0,1,0.210422405999873,0
flat,low,24007,3,3345,13.2487301598241,4.41624338660803,86.2521391899601,15,1089.43388201387,0,1,0.202516488545838,0
flat,low,24007,4,3301.25,13.2392024562581,3.30980061406451,86.594409583571,15,1132.62987738446,0,1,0.223633522750642,0
flat,low,24007,5,2956.25,13.2705491258527,2.65410982517053,86.4803194523674,15,1123.23538484409,0,1,0.165310872170176,1
flat,low,24007,6,3516.25,14.1420091275801,2.35700152126334,85.1112378779236,16,1222.56838151192,0,1,0.34963445252943,0
flat,low,24007,7,3290,14.1586111386635,2.02265873409478,85.9098687963491,16,1236.15245475504,1,1,8.3241473004784,0
flat,low,24007,8,3838.75,15.0400585284901,1.88000731606126,87.2789503707929,17,1293.31676029556,1,1,8.47953626441133,0
flat,low,24007,9,3347.5,14.1493716548156,1.57215240609062,87.2219053051911,16,1310.17899599899,1,1,8.38109212891813,0
flat,low,24007,10,4802.5,17.6669360859693,1.76669360859693,86.3662293211637,20,1534.21382814893,1,1,8.88486514234885,0
flat,low,24007,11,4447.5,17.6851123462079,1.6077374860189,86.2521391899601,20,1498.03381529209,1,1,8.80698808705452,0
flat,low,24007,12,4050,15.9244962813256,1.32704135677713,85.3964632059327,18,1530.94145397931,1,1,8.70082475132167,0
flat,low,24008,1,6082.5,10.5714848351901,10.5714848351901,87.6473891072431,12,1063.06756772732,0,1,0.413995868238288,0
flat,low,24008,2,3833.75,11.4774647541634,5.73873237708172,86.8051656372824,13,1068.86149721953,0,1,0.165839173328625,0
flat,low,24008,3,3207.5,12.3626651746353,4.12088839154509,85.2891633913532,14,1034.04468398464,0,1,0.105902272132113,1
flat,low,24008,4,3205,13.2620531090893,3.31551327727233,86.8613138686131,15,1081.05839433456,1,1,8.16625146538131,0
flat,low,24008,5,2996.25,13.2578116132696,2.65156232265393,85.8506457046603,15,1109.44682069596,0,1,0.152913298297197,0
flat,low,24008,6,3502.5,13.2412703064712,2.20687838441186,85.7383492419989,15,1230.35878065623,1,1,8.2756350234884,0
flat,low,24008,7,3970,14.1283565387777,2.01833664839682,86.3559797866367,16,1281.64490452451,1,1,8.39797494178085,0
flat,low,24008,8,2972.5,13.2728711252048,1.6591088906506,85.513756316676,15,1204.53253124703,1,1,8.19634861506502,0
flat,low,24008,9,3696.25,14.1476241642082,1.57195824046758,85.513756316676,16,1383.14746361457,1,1,8.41252814300268,0
flat,low,24008,10,4105,15.911560778482,1.5911560778482,85.8506457046603,18,1445.19178006238,1,1,8.56954661652969,0
flat,low,24008,11,4226.25,16.804728723987,1.52770261127155,86.4682762492981,19,1468.84257946979,1,1,8.63428298681149,0
flat,low,24008,12,4737.5,17.6720932144658,1.47267443453881,86.3559797866367,20,1656.14721985913,1,1,8.82700964630225,0
flat,low,24009,1,6401.25,11.4532307533905,11.4532307533905,86.2930077691454,13,1097.57093023169,0,1,0.416976398313178,0
flat,low,24009,2,3736.25,11.4819381703762,5.7409690851881,86.5704772475028,13,1100.63180185378,0,1,0.114478339922009,0
flat,low,24009,3,3385,13.2642324214187,4.42141080713956,85.0721420643729,15,1071.67578995889,0,1,0.174756799238605,0
flat,low,24009,4,2922.5,12.358735553221,3.08968388830524,87.180910099889,14,1077.71851789121,0,1,0.0647501611789721,1
flat,low,24009,5,5296.25,14.1215001199804,2.82430002399609,86.2930077691454,16,1343.44343879614,1,1,8.63023611930082,0
flat,low,24009,6,3588.75,13.2566739054326,2.20944565090543,85.7935627081021,15,1218.24635038012,1,1,8.2937664141893,0
flat,low,24009,7,3996.25,14.1180503768075,2.01686433954392,85.6270810210877,16,1332.64146946951,1,1,8.473443969435,0
flat,low,24009,8,4425,15.0197821690611,1.87747277113264,85.2386237513874,17,1386.49067006265,1,1,8.61858123935026,0
flat,low,24009,9,3631.25,14.1501559407804,1.5722395489756,85.7935627081021,16,1354.49053676618,1,1,8.44795405700433,0
flat,low,24009,10,4176.25,15.9220159176291,1.59220159176291,85.5715871254162,18,1451.97944378928,1,1,8.69348136100862,0
flat,low,24009,11,4067.5,15.9123045499356,1.44657314090324,86.6814650388457,18,1469.72268990186,1,1,8.69195708256791,0
flat,low,24009,12,4035,15.9185321886001,1.32654434905001,86.6259711431743,18,1529.28416710258,1,1,8.727685640441,0
flat,low,24010,1,6338.75,11.4615074423762,11.4615074423762,86.5956253505328,13,1100.35145847607,0,1,0.425428998618574,0
flat,low,24010,2,3800,11.473856744977,5.73692837248848,85.2495793606282,13,1066.00834305081,0,1,0.100496482475976,1
flat,low,24010,3,3332.5,13.2658382699488,4.42194608998293,85.0252383623107,15,1078.76038397004,0,1,0.174957039182471,0
flat,low,24010,4,2957.5,12.3739209355152,3.0934802338788,87.1564778463264,14,1093.15847069769,1,1,8.08136745479808,0
flat,low,24010,5,3600,14.1461871918878,2.82923743837756,87.1564778463264,16,1167.44442232689,0,1,0.331378742111212,0
flat,low,24010,6,3088.75,13.2650814662704,2.21084691104507,86.315199102636,15,1146.4165094348,1,1,8.1961659999521,0
flat,low,24010,7,3362.5,13.271630481019,1.89594721157415,85.4178351093662,15,1230.17944438559,1,1,8.29101159401234,0
flat,low,24010,8,3648.75,15.0253014938635,1.87816268673293,85.2495793606282,17,1271.34751125927,1,1,8.47310832814627,0
flat,low,24010,9,3135,14.1599938145511,1.57333264606123,85.8104318564218,16,1221.86313599179,1,1,8.31759031626006,0
flat,low,24010,10,3443.75,15.0387951704928,1.50387951704928,86.5395401009534,17,1288.19529351457,1,1,8.46223774419452,0
flat,low,24010,11,3916.25,15.9183193343071,1.44711993948246,86.7077958496915,18,1412.17891360701,1,1,8.66899265871562,0
flat,low,24010,12,3831.25,15.9294190088075,1.32745158406729,86.2030286034773,18,1471.17312291961,1,1,8.70336414048059,0
flat,low,24011,1,5937.5,10.5835026797364,10.5835026797364,86.7913832199547,12,1055.94697020004,0,1,0.41205605197638,0
flat,low,24011,2,3525,10.5962808608646,5.2981404304323,85.7142857142857,12,1038.87611117294,0,1,0.0749394753458586,1
flat,low,24011,3,3118.75,12.3761186876642,4.12537289588808,85.6009070294785,14,1051.42315658024,0,1,0.104254495367691,0
flat,low,24011,4,2973.75,12.3733727192183,3.09334317980457,85.2607709750567,14,1045.01366523227,0,1,0.0800419331443228,0
flat,low,24011,5,3138.75,12.3836349250245,2.47672698500489,86.734693877551,14,1111.23332892155,1,1,8.14951178346152,0
flat,low,24011,6,3617.5,14.1455735281523,2.35759558802538,86.4512471655329,16,1201.87779315662,1,1,8.35266817445828,0
flat,low,24011,7,3051.25,13.2411282483627,1.8915897497661,86.3945578231292,15,1155.34645611332,1,1,8.20512667947227,0
flat,low,24011,8,3271.25,14.1516380368874,1.76895475461092,86.5079365079365,16,1176.0273774992,1,1,8.28793686291878,0
flat,low,24011,9,3863.75,15.935214606616,1.77057940073511,86.734693877551,18,1307.01323820911,1,1,8.5358512009266,0
flat,low,24011,10,3588.75,15.0423301479017,1.50423301479017,86.6213151927438,17,1288.06018573303,1,1,8.44758378290527,0
flat,low,24011,11,3933.75,16.8077872650635,1.52798066046031,86.9614512471655,19,1346.10938218918,1,1,8.60981759845691,0
flat,low,24011,12,4268.75,17.6760881556913,1.47300734630761,85.3174603174603,20,1463.66340623141,1,1,8.77477857444116,0
flat,low,24012,1,5915,10.5755544007113,10.5755544007113,85.1830663615561,12,1104.18950844116,0,1,0.418975229993382,0
flat,low,24012,2,3780,11.4723744885851,5.73618724429253,86.6704805491991,13,1084.36687090192,0,1,0.174346401089819,0
flat,low,24012,3,3108.75,12.3882874136723,4.12942913789078,86.0411899313501,14,1083.54685554219,0,1,0.138047878850497,1
flat,low,24012,4,3468.75,15.0352779551106,3.75881948877765,85.4691075514874,17,1086.90819567063,0,1,0.3366193518461,0
flat,low,24012,5,2963.75,13.2323683383666,2.64647366767331,86.441647597254,15,1117.82547737808,0,1,0.198208133634611,0
flat,low,24012,6,3966.25,14.1352843178094,2.3558807196349,86.5560640732266,16,1244.67192903659,0,1,0.495550928719148,0
flat,low,24012,7,2830,11.4851282707712,1.64073261011016,85.2974828375286,13,1206.16909237103,1,1,8.16385028362684,0
flat,low,24012,8,3451.25,13.2501595935588,1.65626994919485,85.8695652173913,15,1304.23966147837,1,1,8.43377383386736,0
flat,low,24012,9,3153.75,13.24909045367,1.47212116151889,87.8146453089245,15,1264.79363690961,1,1,8.35888023896822,0
flat,low,24012,10,3228.75,13.2807331765202,1.32807331765202,85.2974828375286,15,1371.8094132894,1,1,8.46875506258308,0
flat,low,24012,11,3548.75,15.054809810821,1.368619073711,85.812356979405,17,1403.16952047334,1,1,8.6388052561496,0
flat,low,24012,12,3708.75,15.9120791291573,1.32600659409644,86.3844393592677,18,1409.90895349048,1,1,8.71393841166937,0
flat,low,24013,1,5475,9.69777375447965,9.69777375447965,85.0285714285714,11,1061.65031145805,0,1,0.414183057562067,0
flat,low,24013,2,3795,11.4804425904658,5.74022129523288,85.4857142857143,13,1049.74129349707,0,1,0.242830265406873,0
flat,low,24013,3,3153.75,12.3669079225036,4.12230264083454,85.5428571428571,14,1041.25998589274,0,1,0.18464633178778,1
flat,low,24013,4,2898.75,12.3804227005063,3.09510567512658,85.3714285714286,14,1097.50704793188,0,1,0.186593460312242,0
flat,low,24013,5,2970,13.269093014955,2.65381860299099,85.1428571428571,15,1111.59619218616,0,1,0.249917974651071,0
flat,low,24013,6,3775,13.2534199566855,2.20890332611424,86.0571428571429,15,1251.24329716077,0,1,0.465720963976141,0
flat,low,24013,7,3085,12.3938979796673,1.77055685423819,86.7428571428571,14,1187.96166715507,1,1,8.27779398544748,0
flat,low,24013,8,3985,14.1399943115248,1.7674992889406,85.5428571428571,16,1354.11193913065,1,1,8.61128136071815,0
flat,low,24013,9,2778.75,12.4058767124036,1.37843074582262,85.8285714285714,14,1233.81812113481,1,1,8.26483624000016,0
flat,low,24013,10,3917.5,15.03039331588,1.503039331588,86.6285714285714,17,1419.01337765488,1,1,8.68944919049992,0
flat,low,24013,11,3810,15.0523714197634,1.36839740179668,85.6,17,1472.55610401265,1,1,8.71180656478602,0
flat,low,24013,12,3986.25,15.9044125801445,1.32536771501204,86,18,1472.36729136712,1,1,8.77900635735542,0
flat,low,24014,1,5948.75,10.5760936035615,10.5760936035615,86.2128146453089,12,1124.83920841589,0,1,0.423384704944754,0
flat,low,24014,2,3778.75,11.4790801569295,5.73954007846474,86.0983981693364,13,1124.50984253517,0,1,0.168343266544414,1
flat,low,24014,3,3410,13.2550526591611,4.41835088638705,85.7551487414188,15,1090.27432306208,0,1,0.179976456060941,0
flat,low,24014,4,3306.25,13.2621623026581,3.31554057566451,85.812356979405,15,1146.6511827528,0,1,0.204198984016802,0
flat,low,24014,5,3038.75,13.2689171809835,2.65378343619671,85.0114416475973,15,1151.80743819551,0,1,0.17124279460991,0
flat,low,24014,6,3462.5,14.1638815974608,2.36064693291013,88.2151029748284,16,1233.15896564373,1,1,8.32760524954369,0
flat,low,24014,7,3513.75,13.284029170619,1.89771845294558,86.2128146453089,15,1312.70924058761,1,1,8.34611960290288,0
flat,low,24014,8,3401.25,14.1597074104399,1.76996342630499,85.6979405034325,16,1307.07625565747,1,1,8.36899347344579,0
flat,low,24014,9,4891.25,16.7942383471708,1.86602648301898,86.7848970251716,19,1533.70371978272,1,1,8.85393526075549,0
flat,low,24014,10,4197.5,15.9013627939194,1.59013627939194,86.6704805491991,18,1438.78270851367,1,1,8.6513795781527,0
flat,low,24014,11,4017.5,16.7804072766866,1.52549157060788,86.7276887871854,19,1431.93662341884,1,1,8.66431640752483,0
flat,low,24014,12,4090,16.8088628025986,1.40073856688322,85.9839816933638,19,1518.90636885319,1,1,8.73449064246641,0
flat,low,24015,1,5970,10.5772763028144,10.5772763028144,86.2821948488242,12,1093.41791086834,0,1,0.419188482900567,0
flat,low,24015,2,3553.75,10.583708284165,5.29185414208249,85.3863381858903,12,1072.87459606076,0,1,0.085196751952993,0
flat,low,24015,3,2925,11.4974761021689,3.83249203405628,85.3303471444569,13,1076.70749675743,0,1,0.0671143675995659,1
flat,low,24015,4,3085,13.2671203101808,3.31678007754521,86.7301231802912,15,1070.25435197628,0,1,0.201574511474037,0
flat,low,24015,5,3092.5,13.2649343410364,2.65298686820729,85.498320268757,15,1127.47921320509,0,1,0.249817557433786,0
flat,low,24015,6,3121.25,13.2542643413225,2.20904405688709,85.2743561030235,15,1199.29408335173,1,1,8.31236880370519,0
flat,low,24015,7,3686.25,13.2458219818924,1.89226028312749,85.7782754759238,15,1281.50981781228,1,1,8.45412891266383,0
flat,low,24015,8,3238.75,14.142383876231,1.76779798452888,86.2821948488242,16,1250.17806843664,1,1,8.42957102180469,0
flat,low,24015,9,3786.25,14.1491666400754,1.57212962667505,86.2262038073908,16,1407.28010137974,1,1,8.6320894034372,0
flat,low,24015,10,3642.5,14.1631143870314,1.41631143870314,85.6103023516237,16,1432.40219365971,1,1,8.63495314825461,0
flat,low,24015,11,3326.25,14.167041471609,1.28791286105536,86.3381858902576,16,1377.05989884514,1,1,8.54782818382796,0
flat,low,24015,12,3368.75,15.0465334594353,1.25387778828627,86.5061590145577,17,1399.63486821876,1,1,8.63114812609177,0
flat,low,24016,1,5947.5,10.5819760412198,10.5819760412198,86.2265224815026,12,1092.09428671841,0,1,0.410340389518051,0
flat,low,24016,2,3517.5,10.5960412151534,5.2980206075767,86.7956744450768,12,1078.28299088846,0,1,0.080946999845541,0
flat,low,24016,3,2910,11.4866387510909,3.82887958369695,85.2020489470689,13,1085.60882354274,0,1,0.0663951886032899,1
flat,low,24016,4,2997.5,12.3723227926596,3.0930806981649,86.5110984632897,14,1109.34840067534,0,1,0.155324007199316,0
flat,low,24016,5,2983.75,12.3730186192766,2.47460372385532,86.3972680705748,14,1145.89850443662,0,1,0.180924882027212,0
flat,low,24016,6,3091.25,12.3941263734692,2.06568772891154,85.885031303358,14,1202.44692756795,1,1,8.23883971491091,0
flat,low,24016,7,3188.75,13.2566495331735,1.89380707616764,86.1696072851451,15,1245.84125846764,1,1,8.34224132991124,0
flat,low,24016,8,3875,14.1255931432916,1.76569914291145,87.080250426864,16,1353.42743451431,1,1,8.57166593532008,0
flat,low,24016,9,3598.75,14.1397108901105,1.57107898779006,85.7712009106431,16,1373.91302002053,1,1,8.55157524254627,0
flat,low,24016,10,3182.5,14.1566335040237,1.41566335040237,85.5435401252134,16,1317.47924212306,1,1,8.4556483694762,0
flat,low,24016,11,3291.25,14.1530523579032,1.28664112344575,85.0313033579966,16,1359.17659828035,1,1,8.50094666578941,0
flat,low,24016,12,3597.5,15.0376812875777,1.25314010729814,85.7712009106431,17,1478.98247534725,1,1,8.69053497942387,0
flat,low,24017,1,5902.5,10.5837867075723,10.5837867075723,87.3720136518771,12,1075.48456023168,0,1,0.423795403753664,0
flat,low,24017,2,3470,10.5928370566584,5.29641852832921,85.8361774744027,12,1070.43999020316,0,1,0.107973033767581,1
flat,low,24017,3,3140,12.356900354048,4.11896678468267,85.608646188851,14,1038.16759753683,0,1,0.119365960887394,0
flat,low,24017,4,2793.75,12.4035002623082,3.10087506557706,85.0398179749716,14,1095.0018825181,0,1,0.113021267654966,0
flat,low,24017,5,3075,13.2498003156384,2.64996006312767,85.4379977246872,15,1130.03766795535,1,1,8.207258804948,0
flat,low,24017,6,3081.25,12.3813160356997,2.06355267261662,85.2673492605233,14,1158.92964873689,1,1,8.18984154803031,0
flat,low,24017,7,3937.5,14.1285727758542,2.01836753940774,87.0307167235495,16,1285.84465326502,1,1,8.45466591714163,0
flat,low,24017,8,4116.25,15.9191655643596,1.98989569554495,86.518771331058,18,1318.51248476091,1,1,8.5740481726299,0
flat,low,24017,9,3370,13.2570270806789,1.47300300896432,85.608646188851,15,1295.56492685321,1,1,8.35107063980194,0
flat,low,24017,10,3590,15.0259063666677,1.50259063666677,86.1774744027304,17,1327.53865889576,1,1,8.47440172394999,0
flat,low,24017,11,3967.5,15.9113845577349,1.44648950524863,85.8361774744027,18,1414.32623723423,1,1,8.61567659922107,0
flat,low,24017,12,4531.25,17.6938465400928,1.4744872116744,86.0637087599545,20,1508.64033774957,1,1,8.82356252513068,0
flat,low,24018,1,5976.25,10.5807489598422,10.5807489598422,87.3672442705422,12,1112.45694229118,0,1,0.403659558727773,0
flat,low,24018,2,3786.25,11.4767901991546,5.73839509957728,87.5349357182784,13,1106.9394455703,0,1,0.131742532951616,0
flat,low,24018,3,3116.25,12.3709396578364,4.12364655261214,85.1872554499721,14,1106.92678015043,0,1,0.075882838059504,1
flat,low,24018,4,3115,13.2639079543774,3.31597698859434,86.3610955841252,15,1119.87423842108,0,1,0.122040099221364,0
flat,low,24018,5,3457.5,13.2377615106569,2.64755230213138,87.1436556735606,15,1171.87618939188,0,1,0.203227569349255,0
flat,low,24018,6,3480,13.2526808721499,2.20878014535832,86.8082727780883,15,1197.73581720084,1,1,8.22411648202931,0
flat,low,24018,7,3805,15.0168235105415,2.14526050150592,85.4108440469536,17,1274.63620485565,1,1,8.39504614205865,0
flat,low,24018,8,3976.25,15.8933983731542,1.98667479664428,86.9200670765791,18,1350.26114110989,1,1,8.50610197623701,0
flat,low,24018,9,3447.5,14.150640719038,1.57229341322644,86.0816098378983,16,1343.13534942972,1,1,8.35376565403869,0
flat,low,24018,10,3792.5,15.9009268655503,1.59009268655503,86.3051984348798,18,1379.26613969395,1,1,8.49992620775951,0
flat,low,24018,11,4315,16.7907508491152,1.52643189537411,87.199552822806,19,1511.08480333382,1,1,8.69783270071671,0
flat,low,24018,12,4433.75,17.6745379411951,1.47287816176626,86.472889882616,20,1560.27341717428,1,1,8.78435998252512,0
flat,low,24019,1,5405,9.69581220666536,9.69581220666536,85.0594227504244,11,1115.29915069381,0,1,0.401170020844968,0
flat,low,24019,2,3473.75,10.5954864830001,5.29774324150006,85.3989813242784,12,1094.23466692917,0,1,0.0902906777670988,0
flat,low,24019,3,3105,12.3956964898472,4.13189882994908,86.3610639501981,14,1103.64662261963,0,1,0.0876972921056538,1
flat,low,24019,4,3107.5,13.2769653124805,3.31924132812011,86.7006225240521,15,1102.63093588841,0,1,0.114707217536329,0
flat,low,24019,5,4243.75,13.2357518702434,2.64715037404867,86.4742501414827,15,1293.70550209185,1,1,8.4017861357005,0
flat,low,24019,6,3701.25,13.2594514141689,2.20990856902814,86.7572156196944,15,1266.11432002273,1,1,8.29660146194286,0
flat,low,24019,7,3753.75,14.1373617716901,2.01962311024144,86.0780984719864,16,1288.35417490893,1,1,8.34360596395338,0
flat,low,24019,8,3735,13.25447594327,1.65680949290875,85.6253537068478,15,1422.37546483203,1,1,8.38016026565728,0
flat,low,24019,9,3758.75,14.160759585114,1.57341773167934,85.3423882286361,16,1408.75321914088,1,1,8.40525747039233,0
flat,low,24019,10,3768.75,14.1503590015685,1.41503590015685,85.4555744199208,16,1427.94448890252,1,1,8.41621330063797,0
flat,low,24019,11,4155,15.9065463631383,1.44604966937621,86.2478777589134,18,1536.92430994997,1,1,8.59019188191604,0
flat,low,24019,12,5460,19.4543798774909,1.62119832312424,86.1912846632711,22,1695.39878978066,1,1,9,0
flat,low,24020,1,5488.75,9.70136623436304,9.70136623436304,86.3384955752212,11,1055.84920350242,0,1,0.411563468489621,0
flat,low,24020,2,3803.75,11.484094981777,5.74204749088848,87.5553097345133,13,1052.73803157994,0,1,0.224452103212866,0
flat,low,24020,3,2923.75,11.4645313454217,3.82151044847392,85.896017699115,13,1039.09712409779,0,1,0.0781016581565345,1
flat,low,24020,4,2902.5,12.379725267743,3.09493131693575,86.6703539823009,14,1052.55717597394,0,1,0.12293985356061,0
flat,low,24020,5,3696.25,14.1457870874743,2.82915741749486,87.2787610619469,16,1152.4619922137,0,1,0.389603795210255,0
flat,low,24020,6,3072.5,13.2708661983924,2.2118110330654,85.1769911504425,15,1134.88936013219,0,1,0.243877344132346,0
flat,low,24020,7,4125,14.1325652092631,2.01893788703758,87.0022123893805,16,1339.19676023831,1,1,8.58425251633862,0
flat,low,24020,8,2988.75,12.3766552678897,1.54708190848621,86.1172566371681,14,1237.45971036273,1,1,8.26378215409975,0
flat,low,24020,9,4755,16.7714618864032,1.86349576515591,87.0575221238938,19,1450.75598970465,1,1,8.87067125134686,0
flat,low,24020,10,4166.25,15.0020793823372,1.50020793823372,85.8407079646018,17,1460.09828667126,1,1,8.7109826180656,0
flat,low,24020,11,4080,15.9030572918909,1.44573248108099,85.6194690265487,18,1473.70926714989,1,1,8.7452686119968,0
flat,low,24020,12,3530,15.0366754973472,1.2530562914456,85.5641592920354,17,1395.93899224422,1,1,8.56975830524903,0
flat,low,24021,1,5396.25,9.69651561449586,9.69651561449586,85.4401805869074,11,1134.29721255469,0,1,0.412264302790143,0
flat,low,24021,2,3470,10.5978962636306,5.29894813181531,85.4401805869074,12,1133.30906435454,0,1,0.153474903497305,0
flat,low,24021,3,3116.25,12.3835876752669,4.12786255842231,85.5530474040632,14,1117.23159906233,0,1,0.1589146507689,0
flat,low,24021,4,2758.75,11.497443240775,2.87436081019376,86.2866817155756,13,1109.43828498623,1,1,8.06759280031281,0
flat,low,24021,5,2923.75,11.4814205568754,2.29628411137508,86.2302483069977,13,1204.44406656965,0,1,0.138886809155964,1
flat,low,24021,6,3296.25,13.2743480621268,2.2123913436878,86.7381489841986,15,1197.57715895751,1,1,8.25928440766574,0
flat,low,24021,7,3038.75,13.2571632592021,1.89388046560029,86.2302483069977,15,1204.30251778711,1,1,8.22290528786686,0
flat,low,24021,8,2922.5,13.2649157600021,1.65811447000026,85.1580135440181,15,1231.94707104274,1,1,8.21920453275859,0
flat,low,24021,9,3370,14.1580004934488,1.57311116593875,87.1331828442438,16,1348.14416163516,1,1,8.37791781816734,0
flat,low,24021,10,4881.25,17.6896492823341,1.76896492823341,86.2866817155756,20,1533.18997896793,1,1,8.83095620466431,0
flat,low,24021,11,4287.5,16.8014577415233,1.52740524922939,87.2460496613996,19,1521.26719928944,1,1,8.70169084097281,0
flat,low,24021,12,4855,17.6801333615167,1.47334444679306,85.9480812641084,20,1717.5183689623,1,1,8.91755753837059,0
flat,medium,24102,1,5942.5,10.5726209465337,10.5726209465337,85.7222532069158,12,1085.41966049049,0,1,0.408574333941493,0
flat,medium,24102,2,3487.5,10.5925530288225,5.29627651441126,86.0568878973787,12,1086.9391228442,0,1,0.0861946326444613,0
flat,medium,24102,3,2912.5,11.4715809530299,3.82386031767662,85.6107083100948,13,1070.43091817361,0,1,0.0380426957437971,1
flat,medium,24102,4,3413.75,13.2450281518974,3.31125703797436,86.0568878973787,15,1121.21150844668,0,1,0.208313167698681,0
flat,medium,24102,5,3498.75,14.1376239186063,2.82752478372127,86.6146123814836,16,1201.86589922199,1,1,8.30344613291594,0
flat,medium,24102,6,4391.25,13.2364516298503,2.20607527164172,85.7222532069158,15,1395.87965184784,1,1,8.49411747528305,0
flat,medium,24102,7,3352.5,15.0279720250009,2.1468531464287,86.4472950362521,17,1193.95512411036,1,1,8.31729208321284,0
flat,medium,24102,8,4116.25,14.1252839662638,1.76566049578298,85.7222532069158,16,1429.53252801099,1,1,8.51467913368623,0
flat,medium,24102,9,3988.75,15.0233510502163,1.66926122780182,86.0011154489682,17,1355.40088226253,1,1,8.4934452329115,0
flat,medium,24102,10,4855,16.7787952888495,1.67787952888495,86.670384829894,19,1579.75081723401,1,1,8.81042928432601,0
flat,medium,24102,11,3560,15.0128818009241,1.36480743644764,85.7222532069158,17,1397.88140524854,1,1,8.46070258016703,0
flat,medium,24102,12,4567.5,17.6617085276318,1.47180904396932,85.8895705521472,20,1594.85913915784,1,1,8.81848184818482,0
flat,medium,24103,1,5917.5,10.5789671463113,10.5789671463113,85.0847457627119,12,1085.95599426339,0,1,0.411586748936647,0
flat,medium,24103,2,3766.25,11.4955447706515,5.74777238532574,85.9322033898305,13,1081.32059261208,0,1,0.156333537585364,0
flat,medium,24103,3,3125,12.3688294343449,4.12294314478164,85.3107344632768,14,1069.01413762215,0,1,0.10166695584524,1
flat,medium,24103,4,3012.5,12.3928891481673,3.09822228704183,85.5367231638418,14,1110.42495171494,0,1,0.115656201115877,0
flat,medium,24103,5,3520,13.2534152601144,2.65068305202288,87.3446327683616,15,1177.2968141861,1,1,8.27270194093014,0
flat,medium,24103,6,3615,13.2513374618299,2.20855624363831,86.045197740113,15,1218.42868837763,1,1,8.31381340259723,0
flat,medium,24103,7,3632.5,14.1444944634731,2.02064206621044,86.4406779661017,16,1239.57595755626,1,1,8.37368871622418,0
flat,medium,24103,8,3803.75,14.1293544266719,1.76616930333399,85.8757062146893,16,1319.71860349083,1,1,8.45135036794069,0
flat,medium,24103,9,3271.25,14.1680194385511,1.57422438206123,85.6497175141243,16,1270.89567920453,1,1,8.34649949947457,0
flat,medium,24103,10,3986.25,15.0366758480225,1.50366758480225,85.6497175141243,17,1422.06005362396,1,1,8.59015682651976,0
flat,medium,24103,11,4322.5,16.809890549587,1.52817186814427,86.3276836158192,19,1485.3180273831,1,1,8.76509412605449,0
flat,medium,24103,12,4250,16.8023374420048,1.40019478683373,86.6101694915254,19,1507.66668978836,1,1,8.77003221004649,0
flat,medium,24104,1,5896.25,10.5777844470584,10.5777844470584,86.1313868613139,12,1094.24194443432,0,1,0.399244809225249,0
flat,medium,24104,2,3521.25,10.6012202449812,5.3006101224906,86.9174620999438,12,1060.76796579759,0,1,0.0810046699154248,0
flat,medium,24104,3,2913.75,11.4994665028048,3.83315550093492,86.2436833239753,13,1055.73386652481,0,1,0.034636175331745,1
flat,medium,24104,4,4092.5,12.363231830455,3.09080795761374,87.085906793936,14,1206.56906659604,0,1,0.282688379379007,0
flat,medium,24104,5,3382.5,12.3618365946299,2.47236731892597,87.0297585626053,14,1172.67452890516,1,1,8.17705426819837,0
flat,medium,24104,6,3621.25,13.2459623457295,2.20766039095491,87.478944413251,15,1236.37218214519,1,1,8.26807407073304,0
flat,medium,24104,7,6030,16.7563238555789,2.39376055079699,87.0297585626053,19,1574.00784619654,1,1,8.85308353488985,0
flat,medium,24104,8,4197.5,14.1221907777391,1.76527384721739,85.6260527793375,16,1446.2139774948,1,1,8.46440782757213,0
flat,medium,24104,9,4865,15.9103695932198,1.76781884369109,86.9174620999438,18,1520.56014175333,1,1,8.64897401478248,0
flat,medium,24104,10,5046.25,16.7731003795302,1.67731003795302,86.3559797866367,19,1648.53997794374,1,1,8.75920744013673,0
flat,medium,24104,11,5258.75,17.6672882154611,1.60611711049647,85.4576080853453,20,1722.00147958776,1,1,8.85139747351926,0
flat,medium,24104,12,5316.25,18.5609007719858,1.54674173099882,86.7490174059517,21,1759.59714326174,1,1,8.90838347372643,0
flat,medium,24105,1,5982.5,10.5741032029256,10.5741032029256,86.8138087153367,12,1114.88084382681,0,1,0.404406712971928,0
flat,medium,24105,2,3801.25,11.4747398870909,5.73736994354543,86.4176570458404,13,1117.72352191734,0,1,0.161280039319739,0
flat,medium,24105,3,2896.25,11.4733317079546,3.82444390265152,85.2857951329938,13,1106.55758423451,0,1,0.0380143019531182,1
flat,medium,24105,4,3067.5,11.4849597494476,2.8712399373619,87.0967741935484,13,1137.31056688698,0,1,0.0769831212290924,0
flat,medium,24105,5,3583.75,13.2480990131098,2.64961980262196,87.0401810979061,15,1190.25756714653,1,1,8.24646092540858,0
flat,medium,24105,6,3468.75,13.2503354965851,2.20838924943085,86.4742501414827,15,1246.30994384685,1,1,8.26132733441988,0
flat,medium,24105,7,4392.5,15.0244947854013,2.14635639791447,86.6440294284097,17,1364.10281896563,1,1,8.51841826942523,0
flat,medium,24105,8,4137.5,14.1372223811507,1.76715279764384,86.9835880022637,16,1440.21426759254,1,1,8.48815645592456,0
flat,medium,24105,9,5033.75,16.7857413863654,1.86508237626282,86.6440294284097,19,1579.92683797827,1,1,8.79025147063279,0
flat,medium,24105,10,3661.25,15.0552829174596,1.50552829174596,85.2857951329938,17,1411.54547427143,1,1,8.45006290908879,0
flat,medium,24105,11,4525,16.7933951327492,1.52667228479538,86.5874363327674,19,1591.14965025145,1,1,8.7305792695409,0
flat,medium,24105,12,4778.75,17.6706047207329,1.47255039339441,86.9835880022637,20,1673.18806223399,1,1,8.84398541919806,0
flat,medium,24106,1,5912.5,10.5746712585974,10.5746712585974,85.6903297931806,12,1106.63564212973,0,1,0.411266441200886,0
flat,medium,24106,2,3778.75,11.4816097604156,5.74080488020779,86.6964784795975,13,1086.74361988499,0,1,0.114816834502453,1
flat,medium,24106,3,3337.5,13.2718278198932,4.42394260663107,85.6344326439352,15,1099.58649310702,0,1,0.117252746425811,0
flat,medium,24106,4,3356.25,13.2486945058472,3.31217362646181,85.0754611514813,15,1129.19504301535,0,1,0.1360162201842,0
flat,medium,24106,5,3210,14.1675164472206,2.83350328944412,85.8021240916713,16,1132.05593298873,1,1,8.147026879413,0
flat,medium,24106,6,4252.5,14.1340803566013,2.35568005943355,87.7585243152599,16,1310.05108731056,1,1,8.40101188706214,0
flat,medium,24106,7,3347.5,13.2384363145878,1.89120518779825,85.6344326439352,15,1276.73242272642,1,1,8.21793681472858,0
flat,medium,24106,8,4286.25,15.0227468753403,1.87784335941754,86.3051984348798,17,1420.99348467248,1,1,8.49886111425733,0
flat,medium,24106,9,4005,15.0111963360021,1.66791070400023,86.1375069871437,17,1397.16810098717,1,1,8.44334860791623,0
flat,medium,24106,10,4013.75,15.0154317385445,1.50154317385445,85.6344326439352,17,1466.24043873758,1,1,8.48390795538927,0
flat,medium,24106,11,4207.5,15.8982900116889,1.44529909197172,86.8641699273337,18,1524.0742848974,1,1,8.5751631467658,0
flat,medium,24106,12,5112.5,19.455915726372,1.621326310531,86.7523756288429,22,1616.42345107699,1,1,8.88159111933395,0
flat,medium,24107,1,5958.75,10.5872149824754,10.5872149824754,86.4940911648846,12,1067.39650268795,0,1,0.417273176329876,0
flat,medium,24107,2,3543.75,10.606998389087,5.30349919454349,85.2560495216657,12,1038.07087318085,0,1,0.0941727512992392,0
flat,medium,24107,3,3106.25,12.3780491768723,4.12601639229078,85.0872256612268,14,1057.82740137422,0,1,0.125400450419034,0
flat,medium,24107,4,2808.75,11.4860739270584,2.87151848176461,85.7062464828362,13,1057.63171817473,0,1,0.0496605410975247,1
flat,medium,24107,5,3212.5,12.3685826660997,2.47371653321995,85.7062464828362,14,1116.00351427888,1,1,8.17275733145517,0
flat,medium,24107,6,3777.5,13.2587715919912,2.20979526533187,86.6066404051773,15,1226.60119573284,0,1,0.347417909923069,0
flat,medium,24107,7,3556.25,13.2583448996048,1.89404927137211,85.312324141812,15,1271.82302177046,1,1,8.34594080946351,0
flat,medium,24107,8,3761.25,13.2539948229094,1.65674935286367,85.8187957231289,15,1352.78128887388,0,1,0.419473449872743,0
flat,medium,24107,9,4163.75,15.0214497841078,1.66904997601198,86.4378165447383,17,1405.0372100979,1,1,8.57635780750905,0
flat,medium,24107,10,4528.75,16.7751518030013,1.67751518030013,85.7062464828362,19,1437.34594186397,1,1,8.71614756402417,0
flat,medium,24107,11,4883.75,17.6576164088604,1.60523785535094,86.2689926842994,20,1537.94142166886,1,1,8.85792230322677,0
flat,medium,24107,12,4361.25,16.8152416242245,1.40127013535204,85.7062464828362,19,1547.39751259644,1,1,8.76140055339647,0
flat,medium,24108,1,5947.5,10.5718576272754,10.5718576272754,87.0254957507082,12,1103.2657663139,0,1,0.437930281535923,0
flat,medium,24108,2,3485,10.5958459515669,5.29792297578346,85.8356940509915,12,1086.86325323539,0,1,0.125814141624622,0
flat,medium,24108,3,2951.25,11.4932966974109,3.83109889913698,86.3456090651558,13,1047.89198122802,0,1,0.0939569360301567,1
flat,medium,24108,4,2761.25,11.4871004089024,2.87177510222561,86.7988668555241,13,1097.39593879006,0,1,0.104109687872803,0
flat,medium,24108,5,2691.25,12.3912657939098,2.47825315878196,86.9688385269122,14,1093.67255612906,1,1,8.1538161076993,0
flat,medium,24108,6,3236.25,12.3779787930611,2.06299646551019,85.5524079320113,14,1218.82540298827,1,1,8.30559796928332,0
flat,medium,24108,7,3172.5,12.3826036707507,1.76894338153581,85.2691218130312,14,1240.75379852759,1,1,8.31309880662746,0
flat,medium,24108,8,3216.25,13.2553209113241,1.65691511391551,86.7988668555241,15,1288.17776234877,1,1,8.40969693617853,0
flat,medium,24108,9,3196.25,13.2573044255696,1.47303382506329,85.0991501416431,15,1317.94406419575,1,1,8.42776313227676,0
flat,medium,24108,10,4036.25,15.0291141106028,1.50291141106028,85.3257790368272,17,1485.85697524028,1,1,8.7652207293666,0
flat,medium,24108,11,3462.5,14.1543740211615,1.28676127465105,87.2521246458924,16,1437.10344272315,1,1,8.60247014749985,0
flat,medium,24108,12,3373.75,15.0256231024129,1.25213525853441,87.5920679886686,17,1400.42351696888,1,1,8.6250830614536,0
flat,medium,24109,1,5380,9.69709919947077,9.69709919947077,85.1267605633803,11,1096.57448148046,0,1,0.406993444334157,0
flat,medium,24109,2,3721.25,11.4814588789538,5.7407294394769,86.6478873239437,13,1111.53430785491,0,1,0.220060434528143,0
flat,medium,24109,3,3160,12.3634241019476,4.12114136731588,86.0281690140845,14,1084.89392862092,0,1,0.149576562936199,1
flat,medium,24109,4,2933.75,12.3801708850148,3.0950427212537,85.1267605633803,14,1106.27988633505,1,1,8.126092584325,0
flat,medium,24109,5,3762.5,13.2520104666515,2.6504020933303,86.3098591549296,15,1192.10442569222,1,1,8.34980344716218,0
flat,medium,24109,6,4007.5,13.2442039308835,2.20736732181392,85.4084507042254,15,1285.48165686011,0,1,0.445442472724277,0
flat,medium,24109,7,3262.5,13.2616625225349,1.89452321750498,85.6901408450704,15,1240.57352445085,1,1,8.29747287997198,0
flat,medium,24109,8,4440,15.0387511126163,1.87984388907704,86.9859154929577,17,1405.50542464449,1,1,8.66379603686141,0
flat,medium,24109,9,4316.25,15.9062883401144,1.76736537112382,86.9859154929577,18,1449.63966752801,1,1,8.70661560336231,0
flat,medium,24109,10,4128.75,15.9177279322515,1.59177279322515,86.4788732394366,18,1425.72485993717,1,1,8.66212104495551,0
flat,medium,24109,11,4371.25,15.910123323392,1.44637484758109,86.2535211267606,18,1585.95830983691,1,1,8.79738832761431,0
flat,medium,24109,12,3998.75,16.8021730667897,1.40018108889914,86.0281690140845,19,1448.85225000498,1,1,8.69205520995139,0
flat,medium,24110,1,5993.75,10.5818717476673,10.5818717476673,86.6137266023823,12,1050.62576323742,0,1,0.412287392842275,0
flat,medium,24110,2,3501.25,10.5946787816171,5.29733939080855,85.2524106636415,12,1053.13856533588,0,1,0.0969384593800774,0
flat,medium,24110,3,3123.75,12.3788879368615,4.12629597895384,86.7271695972774,14,1051.01713240427,0,1,0.133730839692577,0
flat,medium,24110,4,2853.75,12.3871373527654,3.09678433819135,86.2166761202496,14,1030.68439449875,0,1,0.0872058897213426,1
flat,medium,24110,5,3005,12.367520340421,2.4735040680842,85.0255246738514,14,1116.7038172384,0,1,0.158528882225742,0
flat,medium,24110,6,3298.75,13.2471360710175,2.20785601183625,85.8196256381168,15,1177.61970700459,1,1,8.27597524662309,0
flat,medium,24110,7,3568.75,13.2755378211302,1.89650540301861,85.6494611457743,15,1249.20168852173,1,1,8.35584923660733,0
flat,medium,24110,8,3307.5,13.2609421398163,1.65761776747704,86.159954622802,15,1263.73757768616,1,1,8.33082058300662,0
flat,medium,24110,9,3872.5,14.1428538751588,1.57142820835098,85.3091321610891,16,1388.25156928392,1,1,8.52211962331702,0
flat,medium,24110,10,3955,15.031514514036,1.5031514514036,86.1032331253545,17,1405.1651799058,1,1,8.58597893828828,0
flat,medium,24110,11,4528.75,16.7922284478855,1.52656622253504,85.9330686330119,19,1517.55827396134,1,1,8.81337579617834,0
flat,medium,24110,12,4156.25,16.7786357906461,1.39821964922051,85.3658536585366,19,1465.24364852378,1,1,8.73303193779461,0
flat,medium,24111,1,6060,10.5787141770816,10.5787141770816,86.1095738793581,12,1043.37167286209,0,1,0.404505956191859,0
flat,medium,24111,2,3546.25,10.5961166558843,5.29805832794214,86.4969562811289,12,1036.3833225142,0,1,0.0569329601268884,1
flat,medium,24111,3,3593.75,14.1426568655731,4.71421895519104,86.3862755949087,16,1036.92939901396,0,1,0.235096382424026,0
flat,medium,24111,4,3492.5,12.3757394155465,3.09393485388662,86.2755949086884,14,1115.58423540329,0,1,0.186609910983471,0
flat,medium,24111,5,3136.25,12.3735616798109,2.47471233596219,85.0581073602656,14,1098.80002013783,0,1,0.126943795223422,0
flat,medium,24111,6,3242.5,13.2557689312982,2.20929482188303,86.0542335362479,15,1171.05237438251,1,1,8.23068119717711,0
flat,medium,24111,7,3843.75,14.1445587241986,2.02065124631408,86.2755949086884,16,1281.32589514913,1,1,8.4269731413782,0
flat,medium,24111,8,3775,14.1432315641553,1.76790394551942,86.2202545655783,16,1298.83789854057,1,1,8.42879471374649,0
flat,medium,24111,9,3565,15.020064201126,1.66889602234733,85.666851134477,17,1250.59355514287,1,1,8.41131215336654,0
flat,medium,24111,10,4205,15.9113332926217,1.59113332926217,86.6076369673492,18,1405.06309178311,1,1,8.6415220245082,0
flat,medium,24111,11,3622.5,14.1615756671156,1.28741596973778,85.1687880464859,16,1432.39337605259,1,1,8.49493124127346,0
flat,medium,24111,12,4296.25,16.7893531122773,1.39911275935645,86.1095738793581,19,1501.657509635,1,1,8.75870029927319,0
flat,medium,24112,1,6020,10.5772319206897,10.5772319206897,86.5513392857143,12,1081.24072617546,0,1,0.4,0
flat,medium,24112,2,3510,10.5932719659561,5.29663598297805,85.3794642857143,12,1085.88390013697,0,1,0.103915601474076,0
flat,medium,24112,3,2677.5,10.6111981183059,3.5370660394353,85.8258928571429,12,1090.83245250548,0,1,0.00890805286493249,1
flat,medium,24112,4,2915,12.3859631392453,3.09649078481133,86.0491071428571,14,1108.67909185983,0,1,0.150244874384047,0
flat,medium,24112,5,3291.25,13.2530823107422,2.65061646214844,86.2723214285714,15,1160.07643102167,0,1,0.28156835097567,0
flat,medium,24112,6,3405,13.2647559995044,2.21079266658406,86.0491071428571,15,1221.81293456412,0,1,0.340868373220529,0
flat,medium,24112,7,3022.5,12.3765932851086,1.76808475501552,86.0491071428571,14,1239.82563144057,1,1,8.25823987287596,0
flat,medium,24112,8,4430,15.0084184731885,1.87605230914857,86.2165178571429,17,1435.69826777244,1,1,8.71768521154971,0
flat,medium,24112,9,4258.75,15.0069146598692,1.66743496220769,86.4397321428571,17,1487.65651239006,1,1,8.73500506785838,0
flat,medium,24112,10,3217.5,13.2738545716457,1.32738545716457,85.3236607142857,15,1359.12456152786,1,1,8.41909679397553,0
flat,medium,24112,11,4066.25,15.9069787290719,1.44608897537018,86.6071428571429,18,1464.56641197388,1,1,8.74578926076745,0
flat,medium,24112,12,3716.25,15.0275499630206,1.25229583025171,85.1004464285714,17,1492.5398358671,1,1,8.67480699627773,0
flat,medium,24113,1,5946.25,10.5777400649337,10.5777400649337,86.2646566164154,12,1095.98284483315,0,1,0.413499493326352,0
flat,medium,24113,2,3822.5,11.4922829065133,5.74614145325663,86.0971524288107,13,1079.80269834558,0,1,0.162727769893687,0
flat,medium,24113,3,2917.5,11.4971166336021,3.83237221120069,86.2088218872138,13,1071.70870871424,0,1,0.0389098048705348,1
flat,medium,24113,4,3008.75,12.3711368452901,3.09278421132252,85.4829704075935,14,1101.18949269496,0,1,0.104346265523375,0
flat,medium,24113,5,3553.75,13.2503481744766,2.65006963489532,85.9854829704076,15,1167.66105280545,1,1,8.25049969167569,0
flat,medium,24113,6,3412.5,14.1540997907855,2.35901663179758,86.1529871580123,16,1201.18988938456,1,1,8.2887399363372,0
flat,medium,24113,7,3053.75,13.2689020742596,1.89555743917994,85.7621440536013,15,1198.2096681623,1,1,8.20223998473457,0
flat,medium,24113,8,3163.75,13.2833960380631,1.66042450475788,86.0413176996092,15,1273.36755706384,1,1,8.25917814567952,0
flat,medium,24113,9,3683.75,14.1467946274028,1.57186606971142,85.6504745951982,16,1368.21604872587,1,1,8.41714182089525,0
flat,medium,24113,10,3655,14.160902780504,1.4160902780504,85.8738135120045,16,1394.77700651369,1,1,8.42871321518124,0
flat,medium,24113,11,3546.25,15.8992700141808,1.44538818310735,85.8179787828029,18,1336.01802674422,1,1,8.45524450454412,0
flat,medium,24113,12,4648.75,17.6662611078488,1.47218842565406,85.3154662199888,20,1611.15420193572,1,1,8.8286421791168,0
flat,medium,24114,1,5941.25,10.578503384192,10.578503384192,85.4625550660793,12,1088.43085813679,0,1,0.418924057648713,0
flat,medium,24114,2,3746.25,11.4839441003152,5.74197205015759,85.2422907488987,13,1100.33954778305,0,1,0.180258439649658,0
flat,medium,24114,3,3375,13.2501680340913,4.41672267803042,86.1233480176211,15,1055.3327784621,0,1,0.190857257380063,0
flat,medium,24114,4,3160,13.2728327709808,3.31820819274521,87.0594713656388,15,1076.48986670422,0,1,0.175723392786644,1
flat,medium,24114,5,2905,12.3651836537986,2.47303673075972,86.3986784140969,14,1132.00115230414,1,1,8.13006369980635,0
flat,medium,24114,6,3813.75,13.2575744450136,2.20959574083561,87.2246696035242,15,1255.25264551264,1,1,8.36332184377539,0
flat,medium,24114,7,3827.5,14.1393744502067,2.01991063574381,85.5726872246696,16,1295.51104103269,1,1,8.43070837343622,0
flat,medium,24114,8,3945,15.0238715446812,1.87798394308515,86.4537444933921,17,1320.3150562011,1,1,8.5030570954698,0
flat,medium,24114,9,3607.5,15.035435863092,1.670603984788,86.8942731277533,17,1302.58856611018,1,1,8.44901722173437,0
flat,medium,24114,10,3370,14.1427022235885,1.41427022235885,85.2973568281938,16,1331.79443257404,1,1,8.39134254220112,0
flat,medium,24114,11,3636.25,15.0051772645634,1.36410702405122,86.6740088105727,17,1414.06683523445,1,1,8.51508293773113,0
flat,medium,24114,12,4448.75,16.7946273631059,1.39955228025883,85.6828193832599,19,1580.03123831282,1,1,8.80337587484562,0
flat,medium,24115,1,5515,9.70178561435764,9.70178561435764,85.612300933553,11,1099.68602823696,0,1,0.401759531793552,0
flat,medium,24115,2,3480,10.6024317970557,5.30121589852786,85.502471169687,12,1114.5220196109,0,1,0.126662406444541,1
flat,medium,24115,3,3123.75,12.3738287298893,4.12460957662978,86.9302580999451,14,1097.67206740593,0,1,0.139470889858954,0
flat,medium,24115,4,3060,13.2645343187326,3.31613357968315,85.337726523888,15,1114.29630342554,0,1,0.186637137305492,0
flat,medium,24115,5,3377.5,12.3730879897553,2.47461759795107,85.00823723229,14,1189.27793410362,1,1,8.26081235440632,0
flat,medium,24115,6,3915,14.1354615152561,2.35591025254269,85.392641405821,16,1273.0046553817,0,1,0.506676661005313,0
flat,medium,24115,7,4086.25,14.1407109184129,2.02010155977327,86.9302580999451,16,1366.37832292203,1,1,8.61641001847779,0
flat,medium,24115,8,4131.25,15.0182864615233,1.87728580769041,85.227896760022,17,1406.05565846633,1,1,8.700801646573,0
flat,medium,24115,9,3650,14.1449068618719,1.57165631798577,86.216364634816,16,1397.52796617902,1,1,8.57274771671305,0
flat,medium,24115,10,3392.5,15.0243615932534,1.50243615932534,85.172981878089,17,1323.00929017837,1,1,8.50817363244811,0
flat,medium,24115,11,3402.5,14.1356422848117,1.28505838952834,87.1499176276771,16,1423.87889013774,1,1,8.55499622953765,0
flat,medium,24115,12,3738.75,15.9117992769824,1.32598327308186,85.831960461285,18,1441.05219359839,1,1,8.71059063136456,0
flat,medium,24116,1,5972.5,10.5781594449283,10.5781594449283,85.6073690270581,12,1056.20304643331,0,1,0.411496577969407,0
flat,medium,24116,2,3533.75,10.5898148382314,5.2949074191157,86.2982153137594,12,1035.33025478571,0,1,0.102971054314109,0
flat,medium,24116,3,2903.75,11.5040464183546,3.83468213945152,85.3770869314911,13,1046.43363395759,0,1,0.070896434949092,1
flat,medium,24116,4,2812.5,12.3839425092372,3.0959856273093,86.8163500287853,14,1050.88183704451,0,1,0.0994302101819179,0
flat,medium,24116,5,2693.75,11.4851113913445,2.2970222782689,85.4346574553828,13,1099.23678999236,1,1,8.07355962514604,0
flat,medium,24116,6,3905,13.2548350875885,2.20913918126476,87.0466321243523,15,1261.26881635871,0,1,0.385427507687324,0
flat,medium,24116,7,3420,13.2670642953661,1.89529489933802,86.8163500287853,15,1219.74739494269,1,1,8.30390617365526,0
flat,medium,24116,8,3602.5,14.1400656095492,1.76750820119365,86.125503742084,16,1248.70499830846,1,1,8.37904479653896,0
flat,medium,24116,9,3222.5,13.2785089611561,1.4753898845729,85.2619458837075,15,1248.10070639173,1,1,8.29591248077458,0
flat,medium,24116,10,4108.75,14.9954429273121,1.49954429273121,86.7587795048935,17,1420.94135412388,1,1,8.57185162369111,0
flat,medium,24116,11,4745,16.7723350838476,1.52475773489524,85.0316637881405,19,1579.99993918598,1,1,8.81223626896905,0
flat,medium,24116,12,4348.75,17.6710393517916,1.4725866126493,85.5497985031664,20,1465.72118676892,1,1,8.73896232972254,0
flat,medium,24117,1,6460,11.4550125669214,11.4550125669214,87.5139977603583,13,1067.92497683073,0,1,0.4,0
flat,medium,24117,2,3775,11.4865491445322,5.74327457226609,86.5061590145577,13,1074.53847393553,0,1,0.0960440678232192,0
flat,medium,24117,3,3112.5,12.3786347021916,4.12621156739722,85.8902575587906,14,1070.81611018662,0,1,0.0595482204345051,0
flat,medium,24117,4,3002.5,12.3698678432982,3.09246696082455,86.7861142217245,14,1087.29200545781,0,1,0.0592324134418391,1
flat,medium,24117,5,3003.75,13.2623965632465,2.65247931264929,87.6259798432251,15,1114.68150641844,1,1,8.12378081612367,0
flat,medium,24117,6,3170,13.2382123655449,2.20636872759082,85.8902575587906,15,1171.88551712033,1,1,8.18640398845747,0
flat,medium,24117,7,3598.75,14.1432671789063,2.02046673984376,85.1623740201568,16,1235.95004120705,0,1,0.32958101626962,0
flat,medium,24117,8,3851.25,15.022491389153,1.87781142364413,87.2340425531915,17,1291.12510076905,1,1,8.44419703216206,0
flat,medium,24117,9,3821.25,14.1296907551696,1.56996563946329,86.1142217245241,16,1390.46355506562,1,1,8.47501880983731,0
flat,medium,24117,10,3801.25,14.1351723606573,1.41351723606573,85.5543113101904,16,1410.45828097601,1,1,8.48854356960522,0
flat,medium,24117,11,4538.75,17.6718524382974,1.60653203984522,85.4423292273236,20,1453.07963114743,1,1,8.77772957339118,0
flat,medium,24117,12,3462.5,15.0614980913716,1.25512484094763,85.3863381858903,17,1383.48293192491,1,1,8.47304289158855,0
flat,medium,24118,1,5958.75,10.5745669650449,10.5745669650449,86.8704018109791,12,1070.77842665751,0,1,0.407884193555274,0
flat,medium,24118,2,3478.75,10.5914302409974,5.29571512049871,86.1912846632711,12,1080.48760608742,0,1,0.0992158697888713,1
flat,medium,24118,3,3127.5,12.378702529031,4.12623417634368,85.9083191850594,14,1060.13518614419,0,1,0.139510171375283,0
flat,medium,24118,4,2896.25,12.3557558126542,3.08893895316355,85.9649122807018,14,1061.9677918874,0,1,0.110039802180532,0
flat,medium,24118,5,2827.5,12.3941109197484,2.47882218394968,86.1912846632711,14,1108.54571866757,0,1,0.137912085140595,0
flat,medium,24118,6,3243.75,13.2713259519395,2.21188765865659,85.8517260894171,15,1194.60510052069,1,1,8.30403546513607,0
flat,medium,24118,7,3461.25,13.2597290145499,1.89424700207856,86.4742501414827,15,1231.14415209869,0,1,0.35823650418746,0
flat,medium,24118,8,4331.25,15.0019574227519,1.87524467784398,86.0780984719864,17,1391.00935701589,1,1,8.68551227170567,0
flat,medium,24118,9,4403.75,15.8842210130256,1.76491344589174,87.4929258630447,18,1460.13059406222,1,1,8.79545935970481,0
flat,medium,24118,10,4091.25,15.9234916516372,1.59234916516372,86.3610639501981,18,1408.55921769018,1,1,8.7195392047704,0
flat,medium,24118,11,4090,15.9006852135858,1.44551683759871,85.2857951329938,18,1465.11917488196,1,1,8.75999832232973,0
flat,medium,24118,12,3566.25,15.0303570097283,1.25252975081069,85.5687606112054,17,1395.66487335255,1,1,8.59282920811704,0
flat,medium,24119,1,6461.25,11.4567189397214,11.4567189397214,87.4094707520891,13,1093.23059951646,0,1,0.441704012490705,0
flat,medium,24119,2,3482.5,10.5966092708252,5.29830463541261,86.2952646239554,12,1092.6258654571,0,1,0.0599401382056269,1
flat,medium,24119,3,3337.5,13.2559595017156,4.41865316723853,85.5153203342618,15,1086.08400436319,0,1,0.151071869195843,0
flat,medium,24119,4,3006.25,12.3763017092901,3.09407542732252,85.4038997214485,14,1100.05356049087,0,1,0.0856913127347303,0
flat,medium,24119,5,3636.25,14.1387548741874,2.82775097483748,86.6852367688022,16,1197.30560499643,1,1,8.3047308664288,0
flat,medium,24119,6,3370,13.2536449418094,2.2089408236349,85.0696378830084,15,1228.24330012731,0,1,0.259101563087283,0
flat,medium,24119,7,3910,15.0205859934337,2.14579799906196,86.016713091922,17,1241.98735991982,1,1,8.40660492722167,0
flat,medium,24119,8,3468.75,13.2396442119113,1.65495552648891,85.2367688022284,15,1329.58080447761,1,1,8.34433695994517,0
flat,medium,24119,9,4628.75,16.7882257000615,1.86535841111795,87.075208913649,19,1428.88627334058,1,1,8.70195283580507,0
flat,medium,24119,10,4250,15.9288787866299,1.59288787866299,86.4066852367688,18,1457.50315120713,1,1,8.64268713543886,0
flat,medium,24119,11,3812.5,15.0493631278951,1.36812392071774,85.7938718662953,17,1446.46360485033,1,1,8.54665135304469,0
flat,medium,24119,12,4360,17.6742651982229,1.47285543318524,85.8495821727019,20,1494.72418335574,1,1,8.75672937771346,0
flat,medium,24120,1,5962.5,10.5847452904171,10.5847452904171,85.6098931984261,12,1058.58701544172,0,1,0.402167160109887,0
flat,medium,24120,2,3788.75,11.4760268798963,5.73801343994813,85.4412591343451,13,1054.48840426305,0,1,0.127141654235698,0
flat,medium,24120,3,3293.75,13.2665106191731,4.42217020639104,86.6216975829118,15,1074.23886104111,0,1,0.14256008112583,0
flat,medium,24120,4,3320,13.2753180349496,3.31882950873739,86.734120292299,15,1097.31788021462,1,1,8.15888554011064,0
flat,medium,24120,5,3162.5,12.3777527266353,2.47555054532705,85.7223159078134,14,1127.45595959136,0,1,0.114378190863445,1
flat,medium,24120,6,3353.75,13.2548543699735,2.20914239499558,86.2844294547499,15,1171.96008211929,0,1,0.202309321535276,0
flat,medium,24120,7,3548.75,14.1355533997592,2.01936477139417,86.0595840359753,16,1208.34222014284,1,1,8.28663370185771,0
flat,medium,24120,8,3813.75,14.1324993423912,1.76656241779891,85.3288364249578,16,1305.41364535886,1,1,8.37568871650413,0
flat,medium,24120,9,3902.5,15.0170774397376,1.66856415997084,86.5654862282181,17,1341.58019892735,1,1,8.44488451488306,0
flat,medium,24120,10,3765,15.0204205000075,1.50204205000075,86.90275435638,17,1367.22376654664,1,1,8.43894213782458,0
flat,medium,24120,11,4010,15.9190105428048,1.44718277661861,85.1039910061833,18,1415.46033398503,1,1,8.53743377234298,0
flat,medium,24120,12,4871.25,17.6814319046055,1.47345265871713,85.8347386172007,20,1621.85919887521,1,1,8.84410714285714,0
flat,medium,24121,1,5990,10.5767526292673,10.5767526292673,86.2656072644722,12,1061.83091490858,0,1,0.404992448115136,0
flat,medium,24121,2,3527.5,10.5929879381202,5.2964939690601,86.7763904653802,12,1053.35351009782,0,1,0.0577301877779001,1
flat,medium,24121,3,3152.5,12.3649695178839,4.12165650596131,86.4358683314415,14,1058.90128998544,0,1,0.0945802128107092,0
flat,medium,24121,4,3456.25,14.1287759784098,3.53219399460245,86.2088535754824,16,1076.52781707265,0,1,0.232705722868661,0
flat,medium,24121,5,3118.75,13.2710434680194,2.65420869360389,86.7196367763905,15,1115.78964323489,1,1,8.16726585831301,0
flat,medium,24121,6,3187.5,13.2486137092901,2.20810228488168,87.0601589103292,15,1153.99536972547,1,1,8.19825701864891,0
flat,medium,24121,7,3368.75,13.2603135009187,1.89433050013124,85.8683314415437,15,1241.51353687834,1,1,8.27561454459956,0
flat,medium,24121,8,3213.75,14.1611352061592,1.7701419007699,86.4358683314415,16,1191.62828251202,1,1,8.26827391013012,0
flat,medium,24121,9,3512.5,14.1424382121661,1.57138202357402,85.4710556186152,16,1305.80428720494,1,1,8.37622749106724,0
flat,medium,24121,10,3646.25,15.0387690150488,1.50387690150488,85.6980703745743,17,1348.2551176237,1,1,8.46327358222146,0
flat,medium,24121,11,4570,16.7706931456862,1.52460846778966,86.7196367763905,19,1519.16578087631,1,1,8.77649933627988,0
flat,medium,24121,12,4153.75,15.9150614554395,1.32625512128662,86.3791146424518,18,1562.76720545895,1,1,8.70274603520201,0
flat,high,24202,1,5925,10.5790869691669,10.5790869691669,85.6903297931806,12,1089.40303512123,0,1,0.41744238281463,0
flat,high,24202,2,3821.25,11.4838109539411,5.74190547697053,86.5287870318614,13,1062.65495556348,0,1,0.139969644449308,0
flat,high,24202,3,3128.75,12.3943052034893,4.13143506782978,86.193404136389,14,1068.46158503327,0,1,0.0840582992656334,1
flat,high,24202,4,3103.75,13.2593176062025,3.31482940155062,85.1872554499721,15,1077.82308571213,0,1,0.123181513892849,0
flat,high,24202,5,3593.75,13.2411257902337,2.64822515804675,86.3610955841252,15,1207.86737398227,1,1,8.27668700386073,0
flat,high,24202,6,3382.5,13.2718201105403,2.21197001842338,85.7462269424259,15,1199.85570484864,1,1,8.24280875875436,0
flat,high,24202,7,3621.25,14.1335226386256,2.0190746626608,85.4108440469536,16,1258.81111258838,1,1,8.35152695332564,0
flat,high,24202,8,3766.25,15.0333231519395,1.87916539399244,86.4169927333706,17,1265.17504066241,1,1,8.41426870178363,0
flat,high,24202,9,3931.25,15.0279335616874,1.66977039574304,85.9698155394075,17,1389.93534548089,1,1,8.51879078425616,0
flat,high,24202,10,4332.5,16.8146074529943,1.68146074529943,86.193404136389,19,1444.19378864943,1,1,8.68658304949017,0
flat,high,24202,11,4062.5,16.7743655340642,1.52494232127857,85.8021240916713,19,1408.64367274221,1,1,8.62341898641793,0
flat,high,24202,12,4488.75,17.6765038678596,1.4730419889883,86.4169927333706,20,1522.70814626588,1,1,8.79636685866194,0
flat,high,24203,1,5505,9.70331225287424,9.70331225287424,86.3841807909605,11,1049.86424861447,0,1,0.43010072153044,0
flat,high,24203,2,3297.5,9.71937953176111,4.85968976588055,85.4237288135593,11,1011.31331377776,0,1,0.0573631378027338,1
flat,high,24203,3,2933.75,11.4978954821634,3.83263182738782,87.0621468926554,13,1019.20242447792,1,1,8.09281869805021,0
flat,high,24203,4,2965,13.2575422397496,3.31438555993739,85.7627118644068,15,1036.81489822139,1,1,8.19640383335392,0
flat,high,24203,5,2942.5,13.271820497572,2.65436409951439,85.5367231638418,15,1075.14688961481,1,1,8.22352284445139,0
flat,high,24203,6,3505,13.2704837994936,2.21174729991559,87.1751412429379,15,1170.66856587787,1,1,8.385548073771,0
flat,high,24203,7,3308.75,14.1421649647611,2.02030928068016,86.8361581920904,16,1174.54753668438,1,1,8.40013961008982,0
flat,high,24203,8,3543.75,14.1290796615017,1.76613495768771,86.6101694915254,16,1241.44562507816,1,1,8.48830011709907,0
flat,high,24203,9,3037.5,13.261485118497,1.47349834649967,85.7062146892655,15,1220.8708158776,1,1,8.35158437686583,0
flat,high,24203,10,3427.5,14.1547894190109,1.41547894190109,86.3276836158192,16,1319.76037139122,1,1,8.53260549143223,0
flat,high,24203,11,3862.5,15.9158914940847,1.44689922673497,85.0282485875706,18,1358.40785619248,1,1,8.71549503945442,0
flat,high,24203,12,3553.75,15.0641712639275,1.25534760532729,85.3672316384181,17,1395.53269002483,1,1,8.65532231991337,0
flat,high,24204,1,6478.75,11.4527825205743,11.4527825205743,87.1723368655884,13,1060.07924063986,0,1,0.443317618219331,0
flat,high,24204,2,3505,10.602387414931,5.3011937074655,86.3915225878416,12,1057.00593067445,0,1,0.0613523131672598,1
flat,high,24204,3,3112.5,12.3682303200669,4.12274344002231,85.2203011712214,14,1066.45950976167,0,1,0.108818472748322,0
flat,high,24204,4,3065,12.3857035132005,3.09642587830013,87.6742889012828,14,1114.23555228398,1,1,8.13869952636504,0
flat,high,24204,5,2966.25,13.2687318157808,2.65374636315617,87.5627440044618,15,1083.07382627661,1,1,8.14766591348041,0
flat,high,24204,6,3678.75,13.2773510277214,2.21289183795356,87.7300613496933,15,1222.61969540276,0,1,0.329831687234815,0
flat,high,24204,7,4072.5,14.1439918614909,2.02057026592727,87.0050195203569,16,1306.07099223447,1,1,8.47672563610212,0
flat,high,24204,8,4038.75,15.0121197797646,1.87651497247058,86.2242052426102,17,1344.20210150409,1,1,8.54233303736415,0
flat,high,24204,9,4257.5,15.9119492277538,1.76799435863931,85.6664807585053,18,1373.39396735058,1,1,8.63178204944059,0
flat,high,24204,10,3543.75,14.1475207555723,1.41475207555723,86.1126603457892,16,1365.65710464904,1,1,8.45964333113399,0
flat,high,24204,11,4385,16.8082323248129,1.52802112043753,86.2242052426102,19,1473.10369906399,1,1,8.76151047929905,0
flat,high,24204,12,4137.5,16.8093776593403,1.40078147161169,85.1087562744004,19,1460.27152777668,1,1,8.72412898759829,0
flat,high,24205,1,5525,9.70025897584103,9.70025897584103,85.2421652421652,11,1070.67418017561,0,1,0.4,0
flat,high,24205,2,3506.25,10.5956817465866,5.2978408732933,85.1851851851852,12,1073.10787490377,0,1,0.13237137547365,1
flat,high,24205,3,3076.25,12.3841737217523,4.12805790725075,86.8376068376068,14,1098.84895045299,0,1,0.136375182392514,0
flat,high,24205,4,3146.25,12.3563334487125,3.08908336217812,85.2421652421652,14,1104.06845619338,0,1,0.14824208538509,0
flat,high,24205,5,3067.5,13.2663936082677,2.65327872165354,86.7806267806268,15,1098.26061911921,1,1,8.16196837632632,0
flat,high,24205,6,2800,12.3910808612156,2.06518014353593,85.0712250712251,14,1149.10797260001,1,1,8.11961470308082,0
flat,high,24205,7,3676.25,13.2694424371194,1.8956346338742,86.6666666666667,15,1300.30105340338,0,1,0.346200715778776,0
flat,high,24205,8,3505,14.118061704299,1.76475771303737,86.5527065527066,16,1266.9945056922,1,1,8.33155782714865,0
flat,high,24205,9,3551.25,14.1283935298028,1.56982150331142,87.008547008547,16,1311.11575608008,1,1,8.35936286870507,0
flat,high,24205,10,3605,14.1498950527372,1.41498950527372,85.014245014245,16,1373.50887705828,1,1,8.39718427076766,0
flat,high,24205,11,4378.75,16.7902171427735,1.52638337661577,85.3561253561254,19,1512.66375328018,1,1,8.65730795938535,0
flat,high,24205,12,5392.5,19.4472547046704,1.62060455872253,85.6410256410256,22,1710.17282118294,1,1,8.9805504587156,0
flat,high,24206,1,5993.75,10.5844013511534,10.5844013511534,86.8051656372824,12,1042.13406745918,0,1,0.4,0
flat,high,24206,2,3525,10.5937512573785,5.29687562868925,85.4014598540146,12,1044.34326892306,0,1,0.0878612747313903,0
flat,high,24206,3,2913.75,11.5063118333797,3.83543727779322,86.5805727119596,13,1042.73770584139,0,1,0.0604722018758194,1
flat,high,24206,4,3028.75,12.3688838032345,3.09222095080862,86.9174620999438,14,1067.84558568579,1,1,8.14019897703775,0
flat,high,24206,5,3090,12.385314519758,2.47706290395161,85.906793935991,14,1095.58516994351,1,1,8.16711961861496,0
flat,high,24206,6,2886.25,12.3986096815384,2.06643494692306,86.5244244806289,14,1124.3744787975,1,1,8.16083460058317,0
flat,high,24206,7,3201.25,13.2670367110909,1.89529095872727,85.8506457046603,15,1166.08005941027,1,1,8.27722926135668,0
flat,high,24206,8,3925,15.0315847338839,1.87894809173549,86.0190903986524,17,1290.28519837337,1,1,8.55027489061733,0
flat,high,24206,9,2850,13.2730624589268,1.47478471765853,85.5699045480067,15,1202.24290361201,1,1,8.25660522403257,0
flat,high,24206,10,4255,15.9067190834245,1.59067190834245,87.478944413251,18,1413.3517140854,1,1,8.7223409462224,0
flat,high,24206,11,4070,15.0195750860932,1.36541591691756,85.0084222346996,17,1499.3482999376,1,1,8.70522349652161,0
flat,high,24206,12,3361.25,14.1695504587874,1.18079587156561,85.0645704660303,16,1380.30236500485,1,1,8.48902002545243,0
flat,high,24207,1,6020,10.5747023172036,10.5747023172036,86.0079954311822,12,1060.81590632782,0,1,0.412205801468707,0
flat,high,24207,2,3868.75,11.4667782845472,5.73338914227361,85.5511136493432,13,1043.51187690151,0,1,0.151830170082432,0
flat,high,24207,3,3132.5,12.3818369203422,4.12727897344741,86.8075385494003,14,1063.84807050615,0,1,0.115306269671327,1
flat,high,24207,4,3416.25,14.1540291847353,3.53850729618382,87.0930896630497,16,1072.40878748131,0,1,0.259661619645885,0
flat,high,24207,5,3231.25,12.3673133265078,2.47346266530157,85.7224443175328,14,1145.82728429245,0,1,0.186000467779911,0
flat,high,24207,6,3443.75,14.1342893438337,2.35571489063896,87.0930896630497,16,1149.94187500711,1,1,8.31705808563292,0
flat,high,24207,7,3290,13.2457916805959,1.89225595437084,85.8937749857224,15,1242.81811913745,1,1,8.31163289912579,0
flat,high,24207,8,3558.75,14.1490912487762,1.76863640609702,85.3226727584238,16,1297.55639304496,1,1,8.43793912917769,0
flat,high,24207,9,3733.75,15.027149491987,1.66968327688745,86.9788692175899,17,1333.88187161796,1,1,8.53686025921124,0
flat,high,24207,10,3970,15.0019104216808,1.50019104216808,86.521987435751,17,1425.20193490594,1,1,8.63259220663591,0
flat,high,24207,11,3942.5,15.944467226482,1.44949702058927,85.3226727584238,18,1432.22250938793,1,1,8.68639391915077,0
flat,high,24207,12,3975,15.9246350029364,1.32705291691137,85.8937749857224,18,1468.81855104327,1,1,8.71560196275413,0
flat,high,24208,1,5938.75,10.575090638592,10.575090638592,86.0632981676846,12,1113.33194582475,0,1,0.419925978881851,0
flat,high,24208,2,4145,12.3604149316901,6.18020746584505,85.341476957246,14,1076.98676625878,0,1,0.228366341984071,0
flat,high,24208,3,3342.5,13.2435511299963,4.4145170433321,86.3964464186563,15,1089.89838713211,0,1,0.162231041245487,0
flat,high,24208,4,3036.25,13.259178894521,3.31479472363025,85.6746252082177,15,1120.48611893139,0,1,0.13745701877621,1
flat,high,24208,5,3200,13.2515707033673,2.65031414067346,85.6746252082177,15,1135.06881567619,0,1,0.167696598169756,0
flat,high,24208,6,3170,13.2551629144086,2.2091938190681,87.0072182121044,15,1212.14069985726,1,1,8.20596837480314,0
flat,high,24208,7,4078.75,14.1502148985133,2.02145927121618,87.0072182121044,16,1344.59804463754,1,1,8.44170867976104,0
flat,high,24208,8,3661.25,13.252425863948,1.6565532329935,85.1193781232649,15,1389.01536321483,1,1,8.37052302325456,0
flat,high,24208,9,3562.5,14.1558527182638,1.57287252425154,85.6191004997224,16,1329.56810584432,1,1,8.36256169233629,0
flat,high,24208,10,3717.5,15.9262373350608,1.59262373350608,86.9516935036091,18,1355.04390059555,1,1,8.47282418890016,0
flat,high,24208,11,4058.75,15.9033949872862,1.44576318066238,85.7856746252082,18,1452.32699863761,1,1,8.57222051662132,0
flat,high,24208,12,4616.25,17.6628017808874,1.47190014840728,85.6746252082177,20,1624.18968835572,1,1,8.81774332472007,0
flat,high,24209,1,5930,10.5783236499086,10.5783236499086,87.3731679819617,12,1069.51013554268,0,1,0.453809947770132,0
flat,high,24209,2,3217.5,9.70839129922134,4.85419564961067,86.5276211950395,11,1054.81828043974,0,1,0.0524033968925383,1
flat,high,24209,3,2908.75,11.4891084431492,3.82970281438305,87.260428410372,13,1053.85519869174,0,1,0.0982949132928953,0
flat,high,24209,4,3016.25,13.2474157202797,3.31185393006992,86.5276211950395,15,1090.78994564316,0,1,0.224805820496413,0
flat,high,24209,5,2815,12.3810685501592,2.47621371003184,85.2874859075535,14,1122.30701820151,0,1,0.180494854981922,0
flat,high,24209,6,3113.75,12.3740095159221,2.06233491932035,87.0349492671928,14,1173.48969733495,1,1,8.25667376154147,0
flat,high,24209,7,3367.5,13.2493719480712,1.89276742115302,86.1894024802706,15,1238.76184276204,1,1,8.38032198573048,0
flat,high,24209,8,3663.75,13.2706652541785,1.65883315677231,85.1183765501691,15,1337.36418342523,1,1,8.49290587496144,0
flat,high,24209,9,3448.75,13.2609289242816,1.4734365471424,85.9639233370913,15,1347.29371448485,1,1,8.47222864433623,0
flat,high,24209,10,4198.75,15.901731213682,1.5901731213682,86.8658399098083,18,1435.02709814354,1,1,8.76186262052863,0
flat,high,24209,11,3165,14.1605498772048,1.28732271610952,86.4712514092446,16,1325.96905078183,1,1,8.46347078720013,0
flat,high,24209,12,3578.75,15.0340249598746,1.25283541332289,86.9222096956032,17,1456.25500654121,1,1,8.65604289986092,0
flat,high,24210,1,5930,10.5808532533947,10.5808532533947,86.2298722931705,12,1107.41890305769,0,1,0.418712980726491,0
flat,high,24210,2,3540,10.6043489627453,5.30217448137265,85.1193781232649,12,1073.645382885,0,1,0.0841099964450572,0
flat,high,24210,3,2916.25,11.4793494977716,3.82644983259052,85.7301499167129,13,1077.6412011529,0,1,0.0527978888994127,1
flat,high,24210,4,3046.25,13.2548100176777,3.31370250441944,86.0632981676846,15,1080.40889292433,1,1,8.17154125785909,0
flat,high,24210,5,3157.5,13.2763591512303,2.65527183024605,85.9522487506941,15,1169.84588229681,0,1,0.237074678867772,0
flat,high,24210,6,4370,14.1280413966326,2.35467356610543,86.8961687951138,16,1310.95739912066,1,1,8.52413813472333,0
flat,high,24210,7,3715,13.252665273792,1.893237896256,86.2298722931705,15,1302.25611883057,1,1,8.38309982287946,0
flat,high,24210,8,3395,13.2511132502163,1.65638915627704,85.7301499167129,15,1329.54775555464,1,1,8.3556619900731,0
flat,high,24210,9,3085,13.2711615074136,1.47457350082374,85.7856746252082,15,1294.54633414234,1,1,8.29625259488159,0
flat,high,24210,10,3770,15.020794042619,1.5020794042619,86.3964464186563,17,1387.82002786132,1,1,8.53735116200506,0
flat,high,24210,11,3732.5,15.0621453471275,1.36928594064796,86.2853970016657,17,1460.86704436155,1,1,8.57517533438573,0
flat,high,24210,12,4297.5,15.909599947963,1.32579999566359,85.0083287062743,18,1615.09071433144,1,1,8.78332642057238,0
flat,high,24211,1,5981.25,10.5749264336117,10.5749264336117,87.2582480091013,12,1036.25174687323,0,1,0.403642297881059,0
flat,high,24211,2,3527.5,10.5929879381202,5.2964939690601,85.1535836177474,12,1029.59982901392,0,1,0.0664080890776507,1
flat,high,24211,3,3411.25,13.2536212745793,4.4178737581931,86.6894197952218,15,1050.74544600187,0,1,0.162024593030052,0
flat,high,24211,4,3050,12.3723476303816,3.0930869075954,86.0637087599545,14,1068.34253330159,0,1,0.0893663815078924,0
flat,high,24211,5,3045,12.3759303428901,2.47518606857802,85.608646188851,14,1124.48692083916,0,1,0.119561927323346,0
flat,high,24211,6,4147.5,14.1323869271125,2.35539782118541,86.518771331058,16,1216.74565763459,1,1,8.38620404026469,0
flat,high,24211,7,4193.75,14.13612888548,2.01944698364001,86.4050056882821,16,1307.52972690595,1,1,8.44235442554677,0
flat,high,24211,8,3872.5,14.1329621474136,1.7666202684267,86.1205915813424,16,1282.58275764153,1,1,8.38481238528004,0
flat,high,24211,9,3963.75,15.0184805352712,1.66872005947457,85.2104664391354,17,1328.76978538044,1,1,8.45577370462886,0
flat,high,24211,10,3667.5,15.041476314143,1.5041476314143,85.4379977246872,17,1324.43302858251,1,1,8.41390470173956,0
flat,high,24211,11,5346.25,18.5668467462909,1.68789515875371,85.608646188851,21,1577.48894268843,1,1,8.9134951042997,0
flat,high,24211,12,4788.75,17.6529361688279,1.47107801406899,85.4379977246872,20,1549.00357693503,1,1,8.78764426363788,0
flat,high,24212,1,5518.75,9.69931592229933,9.69931592229933,85.7545045045045,11,1078.03082905511,0,1,0.405025758904126,0
flat,high,24212,2,3810,11.4682738644577,5.73413693222883,86.036036036036,13,1071.28636781919,0,1,0.254703568500139,0
flat,high,24212,3,2901.25,11.4956075008129,3.83186916693762,85.0788288288288,13,1081.21571626893,0,1,0.140722091225705,0
flat,high,24212,4,3037.5,12.3852115734596,3.0963028933649,87.1621621621622,14,1099.14148515035,0,1,0.215434350006134,0
flat,high,24212,5,2556.25,11.4820007135696,2.29640014271392,85.5855855855856,13,1091.57798021029,0,1,0.101204388124175,1
flat,high,24212,6,3048.75,12.3741752187885,2.06236253646476,86.8243243243243,14,1184.29770094566,1,1,8.27987611991526,0
flat,high,24212,7,3708.75,15.0188143274851,2.14554490392644,86.4864864864865,17,1249.04797316403,1,1,8.54494636270337,0
flat,high,24212,8,2881.25,12.40717091927,1.55089636490875,86.204954954955,14,1225.09416691507,1,1,8.28925364350651,0
flat,high,24212,9,3888.75,14.1367921522233,1.57075468358036,85.8671171171171,16,1402.12806847683,1,1,8.6407288005837,0
flat,high,24212,10,3776.25,15.023053692314,1.5023053692314,86.4864864864865,17,1360.3772026901,1,1,8.63722401647411,0
flat,high,24212,11,3822.5,15.0405593075086,1.36732357340987,86.036036036036,17,1473.87996798459,1,1,8.72889273334671,0
flat,high,24212,12,3786.25,15.9119357959546,1.32599464966288,86.8806306306306,18,1443.86544946876,1,1,8.74371008078137,0
flat,high,24213,1,6256.25,11.4601893909646,11.4601893909646,86.6369710467706,13,1136.06311534229,0,1,0.536019600015537,0
flat,high,24213,2,3271.25,9.71095196131362,4.85547598065681,85.3563474387528,11,1064.92791916071,0,1,0.0583690987124464,1
flat,high,24213,3,3112.5,12.3859375444696,4.12864584815655,87.3608017817372,14,1086.43425494541,0,1,0.184957261093501,0
flat,high,24213,4,2922.5,12.3748766439233,3.09371916098083,85.6347438752784,14,1099.46109084087,0,1,0.172118269686397,0
flat,high,24213,5,3038.75,13.270052194292,2.65401043885841,87.8062360801782,15,1112.00013448994,1,1,8.23773678807575,0
flat,high,24213,6,2761.25,12.4033313767017,2.06722189611695,86.4142538975501,14,1157.64995338167,1,1,8.19720651796116,0
flat,high,24213,7,3068.75,13.2591150364955,1.89415929092793,85.5790645879733,15,1217.65502797415,1,1,8.31720963406295,0
flat,high,24213,8,3270,14.1459630621279,1.76824538276599,86.6926503340757,16,1262.67640802331,1,1,8.41569397807598,0
flat,high,24213,9,3668.75,14.1399085004198,1.57110094449109,86.7483296213808,16,1348.20919372768,1,1,8.52302336647539,0
flat,high,24213,10,3752.5,15.0335071960183,1.50335071960183,85.913140311804,17,1415.42341458623,1,1,8.62446893628631,0
flat,high,24213,11,3865,15.9158000028847,1.44689090935315,86.4142538975501,18,1425.96930615088,1,1,8.68759175361561,0
flat,high,24213,12,3887.5,15.9235914546773,1.32696595455644,85.3006681514477,18,1478.89551394108,1,1,8.72889842632332,0
flat,high,24214,1,6446.25,11.4665977079546,11.4665977079546,86.5470852017937,13,1075.22446109648,0,1,0.4,0
flat,high,24214,2,3755,11.477478077682,5.73873903884099,86.8273542600897,13,1089.67878343775,0,1,0.0833277907113663,0
flat,high,24214,3,3313.75,13.2624099950457,4.4208033316819,85.5381165919283,15,1089.2478073843,0,1,0.116055642218538,0
flat,high,24214,4,3136.25,12.3780487440874,3.09451218602185,85.0336322869955,14,1098.45742140331,0,1,0.056967362628955,1
flat,high,24214,5,3355,13.2428476727341,2.64856953454682,85.3139013452915,15,1141.01026704733,0,1,0.148845289797549,0
flat,high,24214,6,3255,13.2553878304982,2.20923130508303,87.9484304932735,15,1176.70582760594,0,1,0.157193355842998,0
flat,high,24214,7,4161.25,15.0123862691951,2.14462660988502,86.5470852017937,17,1285.20376592385,1,1,8.41191316328485,0
flat,high,24214,8,3732.5,15.0357272393998,1.87946590492497,86.5470852017937,17,1286.53483311525,1,1,8.36196818286399,0
flat,high,24214,9,4171.25,15.9151693122364,1.76835214580405,87.3878923766816,18,1381.17973562366,1,1,8.51007365870356,0
flat,high,24214,10,3778.75,15.911788703675,1.5911788703675,85.762331838565,18,1340.88116664969,1,1,8.44009513100059,0
flat,high,24214,11,4646.25,17.6625731415449,1.60568846741317,85.3699551569507,20,1506.23983522205,1,1,8.72141395884458,0
flat,high,24214,12,4743.75,17.6721432340577,1.47267860283814,86.0986547085202,20,1615.34561859632,1,1,8.79425981873112,0
flat,high,24215,1,6000,10.5853444046951,10.5853444046951,85.6090651558074,12,1079.22130972078,0,1,0.404145835014241,0
flat,high,24215,2,3783.75,11.4851423288712,5.74257116443559,87.9886685552408,13,1093.32448952117,0,1,0.165395345395397,0
flat,high,24215,3,3155,12.3753265155843,4.1251088385281,86.2322946175637,14,1072.11160318219,0,1,0.113697233300253,0
flat,high,24215,4,2948.75,12.3750408128237,3.09376020320592,86.685552407932,14,1086.88645794413,0,1,0.095260863291924,1
flat,high,24215,5,2991.25,12.3647003111967,2.47294006223933,85.8356940509915,14,1128.919536574,1,1,8.12484219588217,0
flat,high,24215,6,3627.5,13.2324264828102,2.20540441380169,86.4022662889518,15,1251.30331319791,0,1,0.321625038844612,0
flat,high,24215,7,3158.75,12.3795188500252,1.76850269286074,85.5524079320113,14,1266.37772508618,1,1,8.22767288804968,0
flat,high,24215,8,3290,13.2413090738773,1.65516363423467,86.9121813031161,15,1308.72035368545,1,1,8.31129212300995,0
flat,high,24215,9,4271.25,15.9103893083897,1.76782103426552,85.8356940509915,18,1435.03461816485,1,1,8.64280397967737,0
flat,high,24215,10,3580,15.0374728843152,1.50374728843152,85.8923512747875,17,1351.4072119709,1,1,8.46115943889616,0
flat,high,24215,11,4593.75,16.7819748980468,1.52563408164062,86.2889518413598,19,1586.58262150576,1,1,8.81564932404752,0
flat,high,24215,12,4223.75,16.7816520306244,1.39847100255204,86.1756373937677,19,1511.851952705,1,1,8.72355179306289,0
flat,high,24216,1,6378.75,11.4680489057403,11.4680489057403,85.778527262507,13,1086.18406719016,0,1,0.41531747913281,0
flat,high,24216,2,3761.25,11.469245770821,5.73462288541049,86.0595840359753,13,1076.42465918949,0,1,0.109055092727994,0
flat,high,24216,3,2892.5,11.4883295945878,3.82944319819592,87.0151770657673,13,1061.22909236678,0,1,0.000858760091174634,1
flat,high,24216,4,3207.5,12.376258303865,3.09406457596625,85.1039910061833,14,1100.12132975869,0,1,0.0984711988755784,0
flat,high,24216,5,3906.25,14.1377284741971,2.82754569483941,87.0151770657673,16,1168.47541820274,0,1,0.295186583766594,0
flat,high,24216,6,3585,12.3555475233704,2.05925792056173,85.3850477796515,14,1238.62596626485,0,1,0.225922029927805,0
flat,high,24216,7,3758.75,14.1481332362731,2.02116189089616,87.2400224845419,16,1267.92986902166,0,1,0.339749134267015,0
flat,high,24216,8,3327.5,13.2805486308781,1.66006857885976,86.6779089376054,15,1225.19077723272,0,1,0.227298809737061,0
flat,high,24216,9,4101.25,15.0188243105716,1.66875825673017,86.4530635188308,17,1405.65780127977,1,1,8.50045272729727,0
flat,high,24216,10,4160,15.0205536592009,1.50205536592009,85.1039910061833,17,1462.79382942285,1,1,8.54233708039183,0
flat,high,24216,11,4833.75,17.6838140486596,1.60761945896905,85.0477796514896,20,1549.98395745292,1,1,8.78593086704982,0
flat,high,24216,12,4877.5,18.5529224539789,1.54607687116491,86.8465430016863,21,1535.87814943217,1,1,8.81909367209684,0
flat,high,24217,1,6031.25,10.5799412584592,10.5799412584592,85.9550561797753,12,1060.24149158597,0,1,0.4,0
flat,high,24217,2,3771.25,11.4864293216766,5.74321466083829,86.3483146067416,13,1089.5082380111,0,1,0.156472497484383,0
flat,high,24217,3,3565,14.1466900561643,4.71556335205475,85.8426966292135,16,1073.76646933382,0,1,0.222604593559993,0
flat,high,24217,4,2927.5,12.3704683636793,3.09261709091982,85.1685393258427,14,1070.69733573887,0,1,0.0722133955980885,1
flat,high,24217,5,3313.75,14.1503337878295,2.8300667575659,86.6292134831461,16,1128.55888062667,1,1,8.21589957821976,0
flat,high,24217,6,3248.75,13.249170768543,2.2081951280905,85.6741573033708,15,1170.20963408204,1,1,8.19304367217067,0
flat,high,24217,7,3445,14.1371629684167,2.01959470977382,86.2359550561798,16,1236.2361797644,1,1,8.28250644797405,0
flat,high,24217,8,3262.5,14.15356109577,1.76919513697125,85.8426966292135,16,1229.53778433061,1,1,8.25648118308299,0
flat,high,24217,9,3775,15.0256151969511,1.66951279966123,85.4494382022472,17,1348.51443055484,1,1,8.41078114264397,0
flat,high,24217,10,4360,15.9215545218353,1.59215545218353,85.7865168539326,18,1516.09824690524,1,1,8.59797819966524,0
flat,high,24217,11,5496.25,18.5567423833661,1.68697658030601,85.9550561797753,21,1703.89557740955,1,1,8.93105114780507,0
flat,high,24217,12,4222.5,16.8088069028685,1.40073390857237,86.1797752808989,19,1513.80197131125,1,1,8.61255616070277,0
flat,high,24218,1,5886.25,10.5742518786028,10.5742518786028,86.8020304568528,12,1117.03203854037,0,1,0.342472874324487,0
flat,high,24218,2,3503.75,10.5913858588727,5.29569292943635,87.0840383530739,12,1089.32937900409,0,1,0.0863506957849629,1
flat,high,24218,3,2671.25,10.6159577681391,3.5386525893797,85.7868020304569,12,1100.21465931496,1,1,8.0058324843136,0
flat,high,24218,4,3227.5,12.3742955662326,3.09357389155814,85.3919909757473,14,1116.13475616732,1,1,8.12924819605221,0
flat,high,24218,5,3153.75,12.3688460745024,2.47376921490049,85.2227862380147,14,1163.69568122712,1,1,8.14076752402792,0
flat,high,24218,6,3393.75,13.2572765792766,2.2095460965461,87.0840383530739,15,1207.59737507705,0,1,0.213448420854525,0
flat,high,24218,7,6553.75,17.6492369832928,2.52131956904183,85.2227862380147,20,1605.40966731881,1,1,8.84944582197942,0
flat,high,24218,8,4708.75,15.8999049984237,1.98748812480296,85.6175972927242,18,1433.23781012706,1,1,8.53014627433261,0
flat,high,24218,9,6323.75,19.418093217614,2.15756591306823,87.7608573040045,22,1681.11581075077,1,1,8.91647772317304,0
flat,high,24218,10,5171.25,17.6560344508847,1.76560344508847,85.3919909757473,20,1616.40604042397,1,1,8.7117052336922,0
flat,high,24218,11,4390,15.9130269184959,1.44663881077235,86.5200225606317,18,1555.58094011677,1,1,8.54740412510073,0
flat,high,24218,12,5411.25,18.5465592659615,1.54554660549679,85.9560067681895,21,1828.52713081757,1,1,8.85272824015178,0
flat,high,24219,1,5433.75,9.70217393574605,9.70217393574605,85.277463193658,11,1093.96820481102,0,1,0.425789527427219,0
flat,high,24219,2,3543.75,10.5994095786287,5.29970478931435,86.9762174405436,12,1064.95607273522,0,1,0.156143549233788,1
flat,high,24219,3,3407.5,13.2669033521306,4.42230111737688,85.7870894677237,15,1058.09202146073,0,1,0.243057777137221,0
flat,high,24219,4,3138.75,12.3922232164685,3.09805580411712,86.3533408833522,14,1085.56218992826,1,1,8.18515331915918,0
flat,high,24219,5,3158.75,13.2712267453916,2.65424534907833,85.5605889014723,15,1133.12603238832,1,1,8.25945307329421,0
flat,high,24219,6,2796.25,12.3774750475465,2.06291250792441,85.3340883352208,14,1128.6127488127,1,1,8.16353494358406,0
flat,high,24219,7,2923.75,12.381051093331,1.76872158476157,85.5039637599094,14,1181.54337444512,1,1,8.22107135156658,0
flat,high,24219,8,3080,13.2589012936075,1.65736266170093,86.5232163080408,15,1231.12413365146,1,1,8.31743582351813,0
flat,high,24219,9,3655,15.0269254608345,1.66965838453717,87.0328425821065,17,1315.61555062312,1,1,8.53994942181374,0
flat,high,24219,10,3152.5,13.2831287847955,1.32831287847955,85.1642129105323,15,1318.54421156811,1,1,8.3922947328535,0
flat,high,24219,11,3752.5,15.0229986578773,1.36572715071612,85.1642129105323,17,1473.12298061139,1,1,8.66779444546369,0
flat,high,24219,12,4095,16.814735440204,1.40122795335033,85.3907134767837,19,1475.42634584728,1,1,8.79696682464455,0
flat,high,24220,1,6027.5,10.5773517435453,10.5773517435453,87.0360110803324,12,1097.96921862977,0,1,0.4,0
flat,high,24220,2,3790,11.4844988324685,5.74224941623423,86.5927977839335,13,1110.49213996436,0,1,0.168017981018257,1
flat,high,24220,3,3620,14.1512399029032,4.71707996763442,85.5401662049861,16,1109.43744404544,0,1,0.323602523386187,0
flat,high,24220,4,3352.5,13.2604781585835,3.31511953964588,86.9252077562327,15,1129.66363932568,0,1,0.242341405333806,0
flat,high,24220,5,3145,12.3757285666136,2.47514571332273,86.8698060941828,14,1165.89929157349,0,1,0.18126103616824,0
flat,high,24220,6,3065,12.3740216299994,2.06233693833323,85.3739612188366,14,1235.11028319774,0,1,0.220818159376094,0
flat,high,24220,7,3232.5,13.2366540094434,1.89095057277762,87.0914127423823,15,1250.98249394234,1,1,8.31301132315284,0
flat,high,24220,8,4205,15.0390907452102,1.87988634315127,85.4293628808864,17,1396.42609569168,1,1,8.67158005409336,0
flat,high,24220,9,3767.5,14.1363301568117,1.57070335075686,86.3157894736842,16,1409.2610802363,1,1,8.56116836989351,0
flat,high,24220,10,3377.5,14.1401698570719,1.41401698570719,85.0415512465374,16,1381.74625743954,1,1,8.4887025494748,0
flat,high,24220,11,3530,15.0178686382638,1.36526078529671,85.3185595567867,17,1372.17027138051,1,1,8.56132479999632,0
flat,high,24220,12,3657.5,15.0365232555561,1.25304360462968,85.0415512465374,17,1509.33881880184,1,1,8.67982736621395,0
flat,high,24221,1,6085,10.5774271842762,10.5774271842762,87.2787610619469,12,1037.91529007585,0,1,0.406687573452632,0
flat,high,24221,2,3567.5,10.5782452265013,5.28912261325064,85.5088495575221,12,1026.68518663778,0,1,0.081706028464349,1
flat,high,24221,3,3163.75,12.3732162920928,4.1244054306976,86.6703539823009,14,1036.41006987488,0,1,0.10286698418176,0
flat,high,24221,4,3316.25,14.157705584555,3.53942639613875,86.2278761061947,16,1024.46409940462,0,1,0.183438184715417,0
flat,high,24221,5,2932.5,13.2594543840669,2.65189087681339,86.0066371681416,15,1058.41125160915,0,1,0.117817879626806,0
flat,high,24221,6,3570,13.243284384543,2.2072140640905,87.0022123893805,15,1230.26263286299,1,1,8.28353741857571,0
flat,high,24221,7,3758.75,14.1342093895654,2.01917276993791,85.4535398230089,16,1238.12210116329,1,1,8.34492486567387,0
flat,high,24221,8,3317.5,14.1743972968291,1.77179966210364,85.6194690265487,16,1200.45023026237,1,1,8.27172060832662,0
flat,high,24221,9,3641.25,14.1556852159912,1.57285391288792,85.3982300884956,16,1344.30302783281,1,1,8.38361464964107,0
flat,high,24221,10,3858.75,15.0278053971831,1.50278053971831,85.9513274336283,17,1377.01271073046,1,1,8.46029712479677,0
flat,high,24221,11,4366.25,16.7994775964739,1.52722523604308,86.7256637168142,19,1465.98453203812,1,1,8.63560319590292,0
flat,high,24221,12,5086.25,18.5485593816712,1.54571328180593,85.8407079646018,21,1627.87537106432,1,1,8.87327517842982,0
hilly,low,25002,1,6047.5,10.5821967294087,10.5821967294087,87.1232876712329,12,1077.48655028269,0,1,0.405515207678408,0
hilly,low,25002,2,3575,10.6024289619963,5.30121448099816,85.8082191780822,12,1069.79454704712,0,1,0.08865824977348,0
hilly,low,25002,3,2882.5,11.4839991458101,3.82799971527004,86.2465753424657,13,1093.39821607813,0,1,0.0676699311668985,1
hilly,low,25002,4,3266.25,13.2648524829074,3.31621312072684,86.9041095890411,15,1106.71500224102,0,1,0.225929029868003,0
hilly,low,25002,5,3187.5,13.2609698428822,2.65219396857644,86.4109589041096,15,1168.61779224635,1,1,8.26014257367239,0
hilly,low,25002,6,3083.75,12.359406596805,2.0599010994675,86.1369863013699,14,1182.62905562608,1,1,8.20634404552132,0
hilly,low,25002,7,3168.75,12.3578791571969,1.76541130817098,85.4794520547945,14,1246.68378073242,1,1,8.26292817222901,0
hilly,low,25002,8,3727.5,14.1455785933541,1.76819732416926,86.3013698630137,16,1359.59523324485,1,1,8.51509932761181,0
hilly,low,25002,9,4013.75,15.0331109207822,1.67034565786469,85.4246575342466,17,1388.06759014083,1,1,8.62163406692622,0
hilly,low,25002,10,3113.75,13.2673257136322,1.32673257136322,85.8630136986301,15,1326.11911211643,1,1,8.36410882755527,0
hilly,low,25002,11,4082.5,15.9134714285893,1.44667922078084,86.027397260274,18,1480.18425000212,1,1,8.74591039138239,0
hilly,low,25002,12,3696.25,15.0337468825396,1.25281224021163,86.2465753424657,17,1488.20145123376,1,1,8.6533399880873,0
hilly,low,25003,1,6440,11.4579601857554,11.4579601857554,85.8200455580866,13,1085.48300118202,0,1,0.459757686251044,0
hilly,low,25003,2,3497.5,10.5905083913497,5.29525419567487,85.4783599088838,12,1083.99608505788,0,1,0.105468339595154,0
hilly,low,25003,3,2906.25,11.5197377784328,3.83991259281094,85.876993166287,13,1077.96552904235,1,1,8.08373259011253,0
hilly,low,25003,4,2661.25,11.5085943616715,2.87714859041787,85.0227790432802,13,1058.20108979145,0,1,0.0442756846420987,1
hilly,low,25003,5,3250,15.0173157194297,3.00346314388594,85.8200455580866,17,1125.33846631636,0,1,0.319918200168986,0
hilly,low,25003,6,2955,13.299470550524,2.21657842508733,87.129840546697,15,1175.37104284088,0,1,0.2387168131761,0
hilly,low,25003,7,2955,13.2496941087497,1.8928134441071,86.3895216400911,15,1203.08114783379,1,1,8.25452149800986,0
hilly,low,25003,8,3496.25,14.1465281394161,1.76831601742701,86.2756264236902,16,1265.98265830151,1,1,8.39639190327395,0
hilly,low,25003,9,3691.25,15.0152742254932,1.66836380283258,87.4145785876993,17,1318.79212578106,1,1,8.49362505357957,0
hilly,low,25003,10,3023.75,13.2618566767022,1.32618566767022,85.3644646924829,15,1313.01677415135,1,1,8.33461198059252,0
hilly,low,25003,11,3416.25,15.0358726053958,1.36689750958143,87.5854214123007,17,1352.28876593648,1,1,8.48751516885171,0
hilly,low,25003,12,4202.5,16.8112092867264,1.4009341072272,86.3895216400911,19,1514.83041240983,1,1,8.76314918954681,0
hilly,low,25004,1,5955,10.5751284939744,10.5751284939744,87.3200442967885,12,1057.60648762012,0,1,0.423893900177791,0
hilly,low,25004,2,3536.25,10.6006582271141,5.30032911355707,85.3266888150609,12,1027.36935445765,0,1,0.0681032653566162,1
hilly,low,25004,3,3150,12.3660274489852,4.12200914966175,86.2679955703211,14,1036.40703247358,0,1,0.121355153070785,0
hilly,low,25004,4,3177.5,14.1494138707254,3.53735346768135,86.4894795127353,16,1077.96108037321,0,1,0.258335699834306,0
hilly,low,25004,5,3052.5,13.2560128033092,2.65120256066183,86.1572535991141,15,1071.71435314234,1,1,8.18589980114244,0
hilly,low,25004,6,3288.75,14.1338004573958,2.35563340956596,86.4894795127353,16,1134.52721720938,1,1,8.31748824845306,0
hilly,low,25004,7,3387.5,14.1300570277497,2.01857957539282,85.3820598006645,16,1171.30726949977,1,1,8.3599507843721,0
hilly,low,25004,8,3506.25,14.1448855317098,1.76811069146373,86.1572535991141,16,1213.04224695015,1,1,8.41013010382358,0
hilly,low,25004,9,3591.25,14.1392704266312,1.57103004740347,86.766334440753,16,1291.76443082162,1,1,8.48373578969142,0
hilly,low,25004,10,3840,15.0340506906106,1.50340506906106,85.1605758582503,17,1322.46194693625,1,1,8.59262499342046,0
hilly,low,25004,11,3772.5,15.0338250214688,1.36671136558807,85.4928017718715,17,1393.06738663404,1,1,8.63910359604219,0
hilly,low,25004,12,3948.75,15.906415509266,1.32553462577217,86.2679955703211,18,1407.01185238577,1,1,8.72351421188631,0
hilly,low,25005,1,5972.5,10.5762457404138,10.5762457404138,85.3549468977082,12,1081.03849255908,0,1,0.402166454306881,0
hilly,low,25005,2,3793.75,11.4845434801095,5.74227174005475,86.1375069871437,13,1088.81299611777,0,1,0.163765098992282,1
hilly,low,25005,3,3358.75,13.2507887850833,4.41692959502776,86.6405813303521,15,1081.26265123105,0,1,0.186030542014854,0
hilly,low,25005,4,3292.5,14.139643825318,3.53491095632949,85.2431525992174,16,1078.01302101546,0,1,0.217791090312398,0
hilly,low,25005,5,2943.75,12.3751057783546,2.47502115567092,85.0754611514813,14,1147.48515724703,1,1,8.13644031547492,0
hilly,low,25005,6,3113.75,13.2700043392489,2.21166738987481,87.0318613750699,15,1198.22250531818,1,1,8.23835165540891,0
hilly,low,25005,7,3623.75,14.1508025027216,2.02154321467452,85.3549468977082,16,1260.30140269895,1,1,8.39260782276672,0
hilly,low,25005,8,3390,14.1713695111609,1.77142118889511,85.9698155394075,16,1238.07477547531,1,1,8.34681233983819,0
hilly,low,25005,9,3836.25,15.0281772951273,1.66979747723636,86.9200670765791,17,1342.47371129135,1,1,8.52179719133124,0
hilly,low,25005,10,4212.5,15.9234974138451,1.59234974138451,85.1872554499721,18,1475.34786152111,1,1,8.70978364047472,0
hilly,low,25005,11,3906.25,15.9168698455153,1.44698816777412,86.6405813303521,18,1444.33598955746,1,1,8.64681178521622,0
hilly,low,25005,12,4231.25,16.8011566752609,1.40009638960508,87.2554499720514,19,1496.9655279772,1,1,8.77003714403632,0
hilly,low,25006,1,5472.5,9.69645211323668,9.69645211323668,86.7009132420091,11,1113.02975865485,0,1,0.427111035042671,0
hilly,low,25006,2,3571.25,10.587503974004,5.29375198700198,87.6141552511416,12,1079.46292405913,0,1,0.152907842149442,0
hilly,low,25006,3,2912.5,11.4901810970665,3.83006036568883,85.958904109589,13,1101.21748948705,0,1,0.118178938926491,1
hilly,low,25006,4,3081.25,12.3797249360896,3.09493123402241,85.8447488584475,14,1132.95658400317,1,1,8.22007451597121,0
hilly,low,25006,5,3447.5,13.2665891119683,2.65331782239365,86.986301369863,15,1191.47847976014,1,1,8.37431092119265,0
hilly,low,25006,6,3195,13.2613404178656,2.2102234029776,85.6164383561644,15,1223.96910059663,1,1,8.36080520845946,0
hilly,low,25006,7,3422.5,13.2391284468326,1.89130406383323,86.3584474885845,15,1302.42703307871,1,1,8.45847461238287,0
hilly,low,25006,8,3756.25,14.1416391161462,1.76770488951827,86.1301369863014,16,1349.6854178914,1,1,8.59941325113122,0
hilly,low,25006,9,3243.75,13.2619872605712,1.47355414006347,86.5296803652968,15,1357.49607108003,1,1,8.4763048414901,0
hilly,low,25006,10,3697.5,14.1374338627568,1.41374338627568,85.7876712328767,16,1442.28986489102,1,1,8.66479183189765,0
hilly,low,25006,11,3613.75,15.0254846537989,1.36595315034535,85.4452054794521,17,1450.90025069998,1,1,8.7084701006838,0
hilly,low,25006,12,3525,15.0451001396633,1.25375834497195,86.8150684931507,17,1448.85472614418,1,1,8.69405100949429,0
hilly,low,25007,1,5966.25,10.5806943014593,10.5806943014593,85.8281161070006,12,1057.84789530163,0,1,0.405529005789453,0
hilly,low,25007,2,3526.25,10.5978180421774,5.29890902108871,86.2265224815026,12,1048.60489584043,0,1,0.0580691834781118,1
hilly,low,25007,3,3118.75,12.3600420220249,4.12001400734162,85.885031303358,14,1051.45000848468,0,1,0.0875312354934843,0
hilly,low,25007,4,3318.75,13.2610880784656,3.3152720196164,87.1371656232214,15,1077.272905367,1,1,8.17453609773149,0
hilly,low,25007,5,3767.5,14.1271963436514,2.82543926873028,87.478656801366,16,1146.86102630266,1,1,8.320978234981,0
hilly,low,25007,6,3683.75,13.2351465416204,2.20585775693674,86.3403528742174,15,1213.46920358817,1,1,8.30602813751597,0
hilly,low,25007,7,3877.5,14.1415545459923,2.02022207799891,86.4541832669323,16,1249.10766582276,1,1,8.39828518273209,0
hilly,low,25007,8,3877.5,15.0343751127896,1.8792968890987,85.9988616960729,17,1255.15750804143,1,1,8.4449705503699,0
hilly,low,25007,9,3195,14.1660479798404,1.57400533109337,86.7387592487194,16,1214.30438040436,1,1,8.28277434851535,0
hilly,low,25007,10,4058.75,16.8000632619341,1.68000632619341,85.3158793397837,19,1344.12883090342,1,1,8.60882306868106,0
hilly,low,25007,11,3486.25,15.0419573159944,1.3674506650904,85.088218554354,17,1332.74434131769,1,1,8.43678692702019,0
hilly,low,25007,12,4267.5,15.8948242933791,1.32456869111493,85.6573705179283,18,1550.12360353417,1,1,8.71770414897004,0
hilly,low,25008,1,6430,11.4563033489344,11.4563033489344,87.2423398328691,13,1081.56274775111,0,1,0.441678442546412,0
hilly,low,25008,2,3506.25,10.5928975267283,5.29644876336414,85.9610027855153,12,1084.83438016342,0,1,0.0527066407652765,1
hilly,low,25008,3,3092.5,12.3759088381574,4.12530294605246,86.016713091922,14,1097.07125045388,0,1,0.0975554745012338,0
hilly,low,25008,4,3083.75,13.2412160509832,3.31030401274579,85.3481894150418,15,1086.16628290165,0,1,0.130938923531349,0
hilly,low,25008,5,3267.5,12.3659835345152,2.47319670690305,85.125348189415,14,1161.54194708392,1,1,8.16139464512307,0
hilly,low,25008,6,4395,14.1274349895955,2.35457249826592,86.9637883008357,16,1311.65679468442,1,1,8.48225330393285,0
hilly,low,25008,7,3133.75,13.2461438670007,1.89230626671438,87.1309192200557,15,1221.29908090985,1,1,8.22812016401149,0
hilly,low,25008,8,4818.75,15.8823994844598,1.98529993555748,86.5181058495822,18,1449.42814891448,1,1,8.71036560946766,0
hilly,low,25008,9,3731.25,15.0190364361457,1.66878182623841,86.6295264623955,17,1311.26686072808,1,1,8.44568777236849,0
hilly,low,25008,10,3713.75,15.0293956833978,1.50293956833978,85.9052924791086,17,1367.97354558929,1,1,8.48226883592442,0
hilly,low,25008,11,4278.75,16.8076630226654,1.52796936569685,85.3481894150418,19,1443.58005160076,1,1,8.68654345865065,0
hilly,low,25008,12,4361.25,16.7702504276194,1.39752086896828,85.9052924791086,19,1527.21942871631,1,1,8.7509022696652,0
hilly,low,25009,1,5576.25,9.70032901761375,9.70032901761375,85.1977401129944,11,1092.80805825416,0,1,0.4,0
hilly,low,25009,2,3463.75,10.581802400873,5.29090120043651,85.0847457627119,12,1130.5176775626,0,1,0.186903980488855,0
hilly,low,25009,3,3126.25,12.382939868974,4.12764662299132,85.1977401129944,14,1115.30103349,0,1,0.216027210911982,0
hilly,low,25009,4,2808.75,12.3780372425576,3.09450931063941,85.593220338983,14,1130.77327737801,0,1,0.18521259725446,0
hilly,low,25009,5,2620,11.4891490654703,2.29782981309407,85.5367231638418,13,1141.4665440188,0,1,0.12531165750378,1
hilly,low,25009,6,3480,13.2616165461898,2.21026942436497,86.8361581920904,15,1255.28291345081,1,1,8.41834112888925,0
hilly,low,25009,7,3712.5,14.1314935631876,2.01878479474108,87.2316384180791,16,1284.49623903118,1,1,8.51517974703869,0
hilly,low,25009,8,4357.5,15.0171523130907,1.87714403913634,86.6101694915254,17,1427.65237235289,1,1,8.75977907542559,0
hilly,low,25009,9,3990,15.0307989719945,1.67008877466605,86.2146892655367,17,1422.37626850956,1,1,8.70649054018855,0
hilly,low,25009,10,3893.75,15.0077582923347,1.50077582923347,86.2146892655367,17,1455.09836406163,1,1,8.71854121813646,0
hilly,low,25009,11,3617.5,15.0236215977811,1.36578378161646,85.2542372881356,17,1436.16638752094,1,1,8.66677808137386,0
hilly,low,25009,12,3807.5,15.9135345319048,1.32612787765873,85.7062146892655,18,1467.6826205874,1,1,8.76067653276956,0
hilly,low,25010,1,6027.5,10.571634249437,10.571634249437,87.2737556561086,12,1077.73191941284,0,1,0.4,0
hilly,low,25010,2,3802.5,11.4758253854737,5.73791269273687,85.8031674208145,13,1084.34244210915,0,1,0.157220818922149,0
hilly,low,25010,3,3150,12.3718753610621,4.12395845368738,85.6334841628959,14,1080.34452966178,0,1,0.105907151483412,0
hilly,low,25010,4,2860,12.3966051376118,3.09915128440294,85.0678733031674,14,1118.2141025733,0,1,0.0945171017828528,1
hilly,low,25010,5,3215,12.403281967052,2.48065639341041,85.3506787330317,14,1177.23086191061,1,1,8.17747272610657,0
hilly,low,25010,6,3175,13.2628871903736,2.2104811983956,87.4434389140272,15,1210.20394476608,0,1,0.22586492014205,0
hilly,low,25010,7,3478.75,13.259545153328,1.89422073618972,85.1244343891403,15,1255.08681029335,1,1,8.29290174144192,0
hilly,low,25010,8,3592.5,13.2478460037065,1.65598075046332,86.3122171945701,15,1321.76775790357,1,1,8.34962014965326,0
hilly,low,25010,9,3711.25,15.0411959682731,1.67124399647479,87.7262443438914,17,1311.36020727876,1,1,8.42528680229628,0
hilly,low,25010,10,4112.5,15.9194152215507,1.59194152215507,85.9162895927602,18,1406.9004941465,1,1,8.57025332763759,0
hilly,low,25010,11,3928.75,15.0420032762932,1.36745484329938,85.2941176470588,17,1482.74435811674,1,1,8.56277098529914,0
hilly,low,25010,12,4763.75,18.559860501984,1.546655041832,85.6900452488688,21,1545.19675127708,1,1,8.84041041831097,0
hilly,low,25011,1,6462.5,11.4568932154794,11.4568932154794,87.0932156646442,13,1070.39327719293,0,1,0.41116640932344,0
hilly,low,25011,2,3786.25,11.4678031186309,5.73390155931547,85.6591285162714,13,1066.17405698187,0,1,0.107243420004911,0
hilly,low,25011,3,2915,11.4823917828979,3.82746392763265,85.3833425261997,13,1053.40558542209,0,1,0.001430847967627,1
hilly,low,25011,4,2941.25,12.3705863593706,3.09264658984265,85.5488141202427,14,1060.17054631331,0,1,0.0586783410717994,0
hilly,low,25011,5,3001.25,13.2521842923784,2.65043685847567,85.6591285162714,15,1097.99063206563,0,1,0.139774425365004,0
hilly,low,25011,6,3485,13.2622742628047,2.21037904380078,86.5968008825152,15,1202.68229697557,1,1,8.26370237048191,0
hilly,low,25011,7,4247.5,15.0103081457243,2.14432973510348,86.3210148924435,17,1296.18099049699,1,1,8.50922793744832,0
hilly,low,25011,8,3432.5,14.1420899928224,1.7677612491028,85.7142857142857,16,1205.47705264885,1,1,8.30899048411584,0
hilly,low,25011,9,3626.25,15.0453642107321,1.67170713452579,86.5968008825152,17,1273.02967586641,1,1,8.42592786873841,0
hilly,low,25011,10,3816.25,15.9282428333358,1.59282428333358,87.6447876447876,18,1345.97897111653,1,1,8.54484528431117,0
hilly,low,25011,11,3701.25,15.0344591768205,1.36676901607459,85.2178709321566,17,1385.22924047225,1,1,8.50752400671574,0
hilly,low,25011,12,4263.75,16.8030728227076,1.40025606855897,85.2178709321566,19,1509.80185244364,1,1,8.75207892882312,0
hilly,low,25012,1,6550,11.4622652514387,11.4622652514387,85.9897901304594,13,1087.62088037099,0,1,0.457921457989972,0
hilly,low,25012,2,3488.75,10.6041610595607,5.30208052978033,86.7271695972774,12,1105.63091308355,0,1,0.0822954373985567,1
hilly,low,25012,3,3122.5,12.3920799461149,4.13069331537163,86.7271695972774,14,1110.73705342502,0,1,0.167174988913465,0
hilly,low,25012,4,2852.5,12.386793184095,3.09669829602376,86.6137266023823,14,1103.65854389343,1,1,8.13231698475889,0
hilly,low,25012,5,2887.5,12.3782195357807,2.47564390715615,85.0255246738514,14,1108.85858325713,1,1,8.13941240511879,0
hilly,low,25012,6,3346.25,14.145838249576,2.35763970826267,87.748156551333,16,1174.02584565023,1,1,8.3570757183068,0
hilly,low,25012,7,3141.25,12.3910281888653,1.77014688412362,85.5927396483267,14,1239.99772036139,1,1,8.26577374151446,0
hilly,low,25012,8,3443.75,13.2660940844009,1.65826176055011,86.5570051049348,15,1306.41387996969,1,1,8.40722075870206,0
hilly,low,25012,9,3620,15.0178593278626,1.66865103642918,86.2166761202496,17,1292.45296927073,1,1,8.53409284321215,0
hilly,low,25012,10,3747.5,14.1494405238623,1.41494405238623,85.4792966534316,16,1488.87977116274,1,1,8.63612616551768,0
hilly,low,25012,11,3792.5,15.0486496221238,1.36805905655671,86.3868406125922,17,1416.76524656198,1,1,8.64777412439538,0
hilly,low,25012,12,3532.5,15.0238118238304,1.25198431865253,85.9897901304594,17,1420.22314747898,1,1,8.62055576593453,0
hilly,low,25013,1,6072.5,10.5822054112931,10.5822054112931,87.1076233183856,12,1055.03656766195,0,1,0.4,0
hilly,low,25013,2,3507.5,10.5961284722322,5.29806423611608,86.4349775784753,12,1069.87273219762,0,1,0.0870145422250275,0
hilly,low,25013,3,2923.75,11.4991685686935,3.8330561895645,85.0336322869955,13,1067.33667356317,0,1,0.0615680909031879,1
hilly,low,25013,4,3056.25,13.2687401430037,3.31718503575092,87.219730941704,15,1076.01585433796,0,1,0.18495967707338,0
hilly,low,25013,5,3702.5,13.2538598454366,2.65077196908732,85.5941704035874,15,1200.2855076277,1,1,8.36736335557628,0
hilly,low,25013,6,3335,12.3816319214664,2.0636053202444,85.7062780269058,14,1209.48595732,1,1,8.27912485164372,0
hilly,low,25013,7,3416.25,13.2522125331302,1.8931732190186,85.8183856502242,15,1225.52154609772,1,1,8.35144695192946,0
hilly,low,25013,8,3008.75,12.3755159748781,1.54693949685976,85.2578475336323,14,1223.24891702414,1,1,8.24853776532346,0
hilly,low,25013,9,3756.25,15.0171898003007,1.66857664447786,87.219730941704,17,1336.34132591835,1,1,8.58407310077199,0
hilly,low,25013,10,3793.75,15.0213056512558,1.50213056512558,86.7152466367713,17,1382.07578960637,1,1,8.62629203179063,0
hilly,low,25013,11,3551.25,15.0292804726932,1.36629822479029,86.042600896861,17,1380.2682523111,1,1,8.59446337458364,0
hilly,low,25013,12,3868.75,15.9178415465894,1.32648679554911,85.762331838565,18,1423.62786949706,1,1,8.72004763795157,0
hilly,low,25014,1,5512.5,9.69790683210521,9.69790683210521,85.6489422527158,11,1088.01237202149,0,1,0.406647767931362,0
hilly,low,25014,2,3518.75,10.5919567711653,5.29597838558267,85.5917667238422,12,1084.87012873297,0,1,0.163356133495389,0
hilly,low,25014,3,2707.5,10.5983773923973,3.53279246413242,85.5345911949686,12,1077.74921922837,0,1,0.0433666381368736,1
hilly,low,25014,4,3202.5,12.3651117757063,3.09127794392658,86.5637507146941,14,1127.62991682061,1,1,8.23135005603243,0
hilly,low,25014,5,3222.5,13.2666586082218,2.65333172164436,87.9359634076615,15,1175.54540357236,1,1,8.3086569501269,0
hilly,low,25014,6,4011.25,14.1486042044928,2.35810070074881,86.1635220125786,16,1273.36917214477,1,1,8.52697268671306,0
hilly,low,25014,7,3841.25,14.1390740203678,2.0198677171954,86.3922241280732,16,1338.66704387861,1,1,8.54456678113973,0
hilly,low,25014,8,4106.25,15.0292382293222,1.87865477866527,87.1926815323042,17,1359.88339602336,1,1,8.63896922778448,0
hilly,low,25014,9,3787.5,15.0411830521153,1.67124256134614,85.7061177815895,17,1375.0469466375,0,1,0.603911854915185,0
hilly,low,25014,10,4040,15.0065516105779,1.50065516105779,85.8776443682104,17,1476.83814557347,1,1,8.70418450744606,0
hilly,low,25014,11,4142.5,15.9271461666139,1.44792237878308,85.7632933104631,18,1490.81196709332,1,1,8.77218835763447,0
hilly,low,25014,12,4128.75,15.9055362222202,1.32546135185169,86.4493996569468,18,1540.90405100446,1,1,8.80163306244653,0
hilly,low,25015,1,6096.25,10.575522755331,10.575522755331,87.485779294653,12,1027.59409166638,0,1,0.4,0
hilly,low,25015,2,3841.25,11.4799357432687,5.73996787163437,86.4050056882821,13,1031.95766614309,0,1,0.144557726481206,0
hilly,low,25015,3,3113.75,12.3645376315246,4.12151254384154,86.575654152446,14,1054.17524709302,0,1,0.107255849004691,1
hilly,low,25015,4,3188.75,13.2523323849608,3.3130830962402,87.2013651877133,15,1057.37501524043,0,1,0.16257591962651,0
hilly,low,25015,5,3255,14.1398831489519,2.82797662979038,87.2582480091013,16,1103.81552328806,0,1,0.251178814706476,0
hilly,low,25015,6,3496.25,13.2585387080247,2.20975645133745,85.4948805460751,15,1189.761938682,1,1,8.30964338239043,0
hilly,low,25015,7,3347.5,13.2851435271424,1.89787764673462,85.1535836177474,15,1167.34904297638,1,1,8.27310782756252,0
hilly,low,25015,8,3575,14.1471419206088,1.7683927400761,85.4948805460751,16,1228.38255183747,1,1,8.3937399579844,0
hilly,low,25015,9,3788.75,15.0316094172882,1.67017882414314,87.1444823663254,17,1295.25694750064,1,1,8.51826485070717,0
hilly,low,25015,10,3948.75,15.9185119465023,1.59185119465023,86.0068259385665,18,1359.73985434721,1,1,8.63379186809883,0
hilly,low,25015,11,3773.75,15.0102928827421,1.36457208024928,86.1774744027304,17,1386.15337926532,1,1,8.58768299886693,0
hilly,low,25015,12,3985,16.8113801839663,1.40094834866386,85.0398179749716,19,1403.94879367653,1,1,8.71684828164292,0
hilly,low,25016,1,6537.5,11.4575925597909,11.4575925597909,86.6779089376054,13,1079.12229507209,0,1,0.441700436873019,0
hilly,low,25016,2,3525,10.5957146552381,5.29785732761904,85.0477796514896,12,1083.63450663127,0,1,0.0862768455112537,1
hilly,low,25016,3,3118.75,12.3898082914778,4.12993609715926,85.8909499718943,14,1092.45775034039,0,1,0.136741314963723,0
hilly,low,25016,4,2816.25,12.3697419287903,3.09243548219759,86.5654862282181,14,1085.06740636354,0,1,0.0985701947282819,0
hilly,low,25016,5,2842.5,12.3991582734995,2.4798316546999,86.4530635188308,14,1124.24841104925,0,1,0.131218186374356,0
hilly,low,25016,6,2736.25,11.5161747222885,1.91936245371475,86.1157953906689,13,1167.43338737106,0,1,0.108687170392316,0
hilly,low,25016,7,3147.5,13.2563331507146,1.89376187867352,85.1602023608769,15,1235.28832997689,1,1,8.28544915399233,0
hilly,low,25016,8,3445,14.1561983390927,1.76952479238659,86.0595840359753,16,1284.88794504059,1,1,8.39632396618399,0
hilly,low,25016,9,3748.75,14.1501561045832,1.57223956717591,86.3968521641372,16,1367.69084419013,1,1,8.48814578393478,0
hilly,low,25016,10,3245,13.2813947425981,1.32813947425981,85.8909499718943,15,1339.5325927956,1,1,8.37264826252689,0
hilly,low,25016,11,4320,16.7962101597143,1.52692819633767,86.3968521641372,19,1492.0975347553,1,1,8.76665570536008,0
hilly,low,25016,12,3398.75,15.0437628951922,1.25364690793268,86.0595840359753,17,1376.11298120452,1,1,8.50066951853204,0
hilly,low,25017,1,5955,10.5767716597185,10.5767716597185,86.2535211267606,12,1068.19181495885,0,1,0.408303317774562,0
hilly,low,25017,2,3778.75,11.4753521648607,5.73767608243033,86.9859154929577,13,1082.9846647375,0,1,0.216664999115116,0
hilly,low,25017,3,2903.75,11.5051205010353,3.83504016701178,86.4788732394366,13,1071.08432194745,0,1,0.102765602480519,1
hilly,low,25017,4,2657.5,12.3931826369028,3.0982956592257,86.8169014084507,14,1058.06089105539,0,1,0.121740811103029,0
hilly,low,25017,5,3008.75,13.2458145338216,2.64916290676433,86.2535211267606,15,1112.44146434776,1,1,8.26606494476441,0
hilly,low,25017,6,2887.5,12.3805434232567,2.06342390387611,85.0704225352113,14,1140.47133575155,1,1,8.21633732327055,0
hilly,low,25017,7,3466.25,13.2614491954226,1.89449274220323,85.0704225352113,15,1262.91428709643,1,1,8.44593712252203,0
hilly,low,25017,8,3162.5,13.2518648737668,1.65648310922086,85.8028169014084,15,1224.28240136392,1,1,8.37678591827542,0
hilly,low,25017,9,3116.25,13.2578120867466,1.47309023186073,85.6338028169014,15,1271.10885213812,1,1,8.40995322287761,0
hilly,low,25017,10,3481.25,14.1534551617656,1.41534551617656,86.1408450704225,16,1350.7460228784,1,1,8.57952835163525,0
hilly,low,25017,11,3485,15.0307320379295,1.36643018526632,85.8591549295775,17,1377.11189622915,1,1,8.66039022985125,0
hilly,low,25017,12,3503.75,15.0528654874008,1.2544054572834,85.6901408450704,17,1424.09254894864,1,1,8.70265352539803,0
hilly,low,25018,1,5895,10.5847643876102,10.5847643876102,87.1055495103373,12,1109.85281744847,0,1,0.408955434665174,0
hilly,low,25018,2,3806.25,11.4758866194177,5.73794330970884,85.7997823721436,13,1098.44626953149,0,1,0.1688141110624,1
hilly,low,25018,3,3328.75,13.2524958313092,4.41749861043638,86.6158868335147,15,1107.90820972196,0,1,0.211870535272469,0
hilly,low,25018,4,3383.75,14.1586838938583,3.53967097346458,86.1262241566921,16,1102.74357819402,0,1,0.266197843476735,0
hilly,low,25018,5,3163.75,13.2576199183989,2.65152398367978,86.4526659412405,15,1154.92264348203,0,1,0.226848218503309,0
hilly,low,25018,6,3281.25,13.2684265450046,2.21140442416743,85.9630032644178,15,1192.7935378482,1,1,8.27301397679785,0
hilly,low,25018,7,2925,12.3756503921782,1.76795005602545,85.854189336235,14,1190.94835630145,1,1,8.17336522345707,0
hilly,low,25018,8,3743.75,14.1467057502103,1.76833821877629,86.9967355821545,16,1352.25408848146,1,1,8.5099029676361,0
hilly,low,25018,9,3780,15.0443720264483,1.67159689182759,86.7791077257889,17,1349.15657770496,1,1,8.56284858176459,0
hilly,low,25018,10,3583.75,14.136746452,1.4136746452,86.3438520130577,16,1404.90562231702,1,1,8.52913134707442,0
hilly,low,25018,11,3593.75,15.022473705252,1.36567942775018,85.4189336235038,17,1407.36710078919,1,1,8.58223445342288,0
hilly,low,25018,12,3896.25,15.917925696175,1.32649380801458,85.1468988030468,18,1480.55663078527,1,1,8.73080808080808,0
hilly,low,25019,1,5923.75,10.579264882555,10.579264882555,86.9340974212034,12,1111.67680794509,0,1,0.411027770218888,0
hilly,low,25019,2,3493.75,10.60071513015,5.30035756507499,86.0171919770774,12,1091.90879263436,0,1,0.0605795169845282,1
hilly,low,25019,3,3227.5,12.3661044714533,4.12203482381778,85.1575931232092,14,1107.26763149875,0,1,0.117015102471528,0
hilly,low,25019,4,3293.75,14.1582266547557,3.53955666368893,85.5014326647565,16,1134.02564527685,0,1,0.227684476958179,0
hilly,low,25019,5,3068.75,13.2796900947979,2.65593801895958,86.2464183381089,15,1138.68445409962,0,1,0.156375154004628,0
hilly,low,25019,6,3660,13.2471865488657,2.20786442481096,85.7879656160459,15,1269.37351735348,1,1,8.31055026443345,0
hilly,low,25019,7,3787.5,13.2516874798441,1.8930982114063,86.8194842406877,15,1313.02820287262,1,1,8.35298397774511,0
hilly,low,25019,8,4152.5,14.1349767780217,1.76687209725271,85.730659025788,16,1427.85891351198,1,1,8.51079563951169,0
hilly,low,25019,9,4117.5,15.0412138990586,1.67124598878428,87.163323782235,17,1424.88819809475,1,1,8.54795576282633,0
hilly,low,25019,10,4102.5,15.9152392953777,1.59152392953777,85.7879656160459,18,1475.4748747357,1,1,8.61624143275939,0
hilly,low,25019,11,3571.25,15.0375941240898,1.36705401128089,85.7879656160459,17,1395.7676153457,1,1,8.45500354246561,0
hilly,low,25019,12,4556.25,16.7975781462509,1.39979817885424,86.3037249283668,19,1629.67884727877,1,1,8.80840630472855,0
hilly,low,25020,1,6010,10.5796845584647,10.5796845584647,86.0971524288107,12,1050.77862807184,0,1,0.402540900614756,0
hilly,low,25020,2,3806.25,11.4699598957383,5.73497994786916,86.5996649916248,13,1046.94637731182,0,1,0.157802870795583,0
hilly,low,25020,3,3122.5,12.3613767828281,4.12045892760937,85.8738135120045,14,1059.64746835772,0,1,0.114144005337911,0
hilly,low,25020,4,2811.25,12.3801793672626,3.09504484181566,85.2037967615857,14,1074.27425160934,0,1,0.0856255296817969,1
hilly,low,25020,5,2892.5,11.4933031505758,2.29866063011516,85.5388051367951,13,1105.6234443332,1,1,8.08331940759683,0
hilly,low,25020,6,3181.25,12.3873461462437,2.06455769104062,85.7621440536013,14,1164.81777770121,1,1,8.19219546287602,0
hilly,low,25020,7,4031.25,14.1281480128859,2.0183068589837,85.6504745951982,16,1301.90158974698,1,1,8.45464601008595,0
hilly,low,25020,8,3821.25,14.1377681075362,1.76722101344203,85.036292573981,16,1324.52116052203,1,1,8.44374391430806,0
hilly,low,25020,9,3488.75,14.150081297002,1.57223125522245,87.1580122836404,16,1297.18461057199,1,1,8.38450185652063,0
hilly,low,25020,10,4011.25,15.9128550847224,1.59128550847224,86.9905080960357,18,1376.7991720194,1,1,8.56871881570543,0
hilly,low,25020,11,3242.5,14.1494780684928,1.2863161880448,86.7113344500279,16,1318.11978363057,1,1,8.36756662726183,0
hilly,low,25020,12,4885,18.5811363151946,1.54842802626622,87.7163595756561,21,1499.41398715501,1,1,8.85932004689332,0
hilly,low,25021,1,5963.75,10.5797157817701,10.5797157817701,85.0763143018655,12,1098.22092317694,0,1,0.426480752071856,0
hilly,low,25021,2,3751.25,11.4705259715628,5.73526298578139,85.5285472018089,13,1108.5513105258,0,1,0.186677686596048,0
hilly,low,25021,3,3445,13.2497943353008,4.41659811176694,85.6416054267948,15,1077.88895724757,0,1,0.217617603184613,0
hilly,low,25021,4,3122.5,13.2578931054589,3.31447327636472,86.4330130016959,15,1068.31212858649,0,1,0.166046750090098,1
hilly,low,25021,5,3001.25,13.280754907618,2.65615098152359,86.6026003391747,15,1146.44903571661,1,1,8.22013424613126,0
hilly,low,25021,6,3665,14.1398019230461,2.35663365384101,86.5460712266817,16,1234.6140961689,1,1,8.43582399304411,0
hilly,low,25021,7,3293.75,13.2792289216245,1.89703270308922,86.31995477671,15,1257.77982957993,1,1,8.35811307775279,0
hilly,low,25021,8,3146.25,13.2894965624745,1.66118707030931,86.2068965517241,15,1293.16973494852,1,1,8.37010493104559,0
hilly,low,25021,9,3516.25,14.1198015929386,1.56886684365984,85.472018089316,16,1357.83667269278,1,1,8.52372107660806,0
hilly,low,25021,10,3535,14.1440795796452,1.41440795796452,86.0938383267383,16,1382.13499282585,1,1,8.54912287812248,0
hilly,low,25021,11,3777.5,15.9476852093372,1.4497895644852,86.0938383267383,18,1406.29580050439,1,1,8.70405527982063,0
hilly,low,25021,12,3475,15.0347511710317,1.25289593091931,86.31995477671,17,1407.14836529107,1,1,8.61294505036402,0
hilly,medium,25102,1,5912.5,10.5830031952331,10.5830031952331,85.1123595505618,12,1151.97553285109,0,1,0.421167240002342,0
hilly,medium,25102,2,3515,10.5964400842977,5.29822004214883,85,12,1131.05408205129,0,1,0.100540874149251,0
hilly,medium,25102,3,2912.5,11.4859707992375,3.82865693307917,86.2359550561798,13,1118.32838372444,0,1,0.0579807171780323,1
hilly,medium,25102,4,2915,12.3948090952461,3.09870227381153,87.1348314606742,14,1125.73958596804,0,1,0.106770201884307,0
hilly,medium,25102,5,3120,13.2740918631721,2.65481837263442,87.752808988764,15,1169.70143441688,1,1,8.2031530258706,0
hilly,medium,25102,6,2800,12.3811298332446,2.0635216388741,86.4044943820225,14,1197.75498497481,1,1,8.13663624632285,0
hilly,medium,25102,7,3916.25,14.1303603681631,2.01862290973758,85.7865168539326,16,1369.06004340905,1,1,8.47216976577027,0
hilly,medium,25102,8,3333.75,13.258887198327,1.65736089979087,85.1123595505618,15,1358.13339254378,1,1,8.34843157145451,0
hilly,medium,25102,9,3867.5,14.1645503940948,1.5738389326772,85.2808988764045,16,1508.16719741657,1,1,8.55506421915623,0
hilly,medium,25102,10,4115,15.9317532023172,1.59317532023172,85.561797752809,18,1522.17961950224,1,1,8.68086546379849,0
hilly,medium,25102,11,3607.5,14.1443601595725,1.2858509235975,86.4606741573034,16,1510.64395528669,1,1,8.52223551366219,0
hilly,medium,25102,12,4201.25,16.8070914167249,1.40059095139374,88.0337078651685,19,1595.20419449982,1,1,8.78008032128514,0
hilly,medium,25103,1,5880,10.5818182406824,10.5818182406824,87.686996547756,12,1097.22901642957,0,1,0.417936113895972,0
hilly,medium,25103,2,3516.25,10.5893467030341,5.29467335151705,87.1116225546605,12,1065.8989859376,0,1,0.0702025939934671,1
hilly,medium,25103,3,3125,12.3945257688531,4.13150858961771,85.8457997698504,14,1072.68473948403,1,1,8.10674177676252,0
hilly,medium,25103,4,3016.25,12.3681520283354,3.09203800708385,85.385500575374,14,1091.29112002179,0,1,0.100928360136915,0
hilly,medium,25103,5,3062.5,13.2635629781552,2.65271259563105,86.536248561565,15,1131.38411259431,0,1,0.173645582102036,0
hilly,medium,25103,6,3680,13.2452055876135,2.20753426460225,86.9965477560414,15,1238.23557114028,0,1,0.32017965723682,0
hilly,medium,25103,7,3760,13.2691516619375,1.8955930945625,85.9608745684695,15,1290.73421300053,1,1,8.36256683174838,0
hilly,medium,25103,8,4031.25,14.1473284235204,1.76841605294005,86.8239355581128,16,1386.41748286729,1,1,8.49770273977163,0
hilly,medium,25103,9,4098.75,14.1500355252709,1.57222616947455,85.7307249712313,16,1427.12300317921,1,1,8.53056534286388,0
hilly,medium,25103,10,3461.25,14.1488721707564,1.41488721707564,86.8239355581128,16,1315.57950953568,1,1,8.37760751419387,0
hilly,medium,25103,11,4683.75,16.784967068703,1.52590609715482,86.3636363636364,19,1589.92605234146,1,1,8.83291139240506,0
hilly,medium,25103,12,4191.25,15.9184063015592,1.32653385846327,86.4211737629459,18,1560.00425034102,1,1,8.70508147844852,0
hilly,medium,25104,1,5870,10.5743550581989,10.5743550581989,86.0411899313501,12,1102.95513158926,0,1,0.417601620636711,0
hilly,medium,25104,2,3520,10.5948960582906,5.29744802914529,85.58352402746,12,1085.4566818088,0,1,0.0894943754799342,0
hilly,medium,25104,3,2930,11.4823903248733,3.82746344162444,86.8421052631579,13,1070.09147296691,0,1,0.0438847555635824,1
hilly,medium,25104,4,3340,13.2511753406695,3.31279383516737,86.5560640732266,15,1090.78027461161,1,1,8.19623212585053,0
hilly,medium,25104,5,4030,13.2502551027654,2.65005102055309,87.3569794050343,15,1252.50215256881,0,1,0.376682677836278,0
hilly,medium,25104,6,4027.5,14.1376940889044,2.35628234815073,87.700228832952,16,1268.8527221789,1,1,8.42798918046968,0
hilly,medium,25104,7,3892.5,14.1238233501399,2.01768905001999,85.2402745995423,16,1329.12208429036,1,1,8.44123145595502,0
hilly,medium,25104,8,4033.75,15.0235699911193,1.87794624888991,87.3569794050343,17,1347.62894732669,1,1,8.5138455032886,0
hilly,medium,25104,9,4695,15.9058881536995,1.76732090596661,85.9839816933638,18,1525.02047192356,1,1,8.74146341862273,0
hilly,medium,25104,10,4672.5,16.7817629952817,1.67817629952817,86.2128146453089,19,1558.82314675448,1,1,8.79883721049978,0
hilly,medium,25104,11,4505,15.914563076252,1.44677846147745,85.4118993135011,18,1584.95902000855,1,1,8.74813513566794,0
hilly,medium,25104,12,4265,15.904516345738,1.32537636214484,85.3546910755149,18,1630.21589504096,1,1,8.73923589139668,0
hilly,medium,25105,1,5525,9.69942933693127,9.69942933693127,85.5536818437324,11,1086.74380485467,0,1,0.417017605160942,0
hilly,medium,25105,2,4090,12.376538727974,6.18826936398699,86.9589657110736,14,1088.69344879754,0,1,0.324533217713466,0
hilly,medium,25105,3,2950,11.5113499959966,3.8371166653322,85.7223159078134,13,1063.78866127043,0,1,0.0872981688912517,1
hilly,medium,25105,4,3516.25,15.0262967241052,3.7565741810263,85.7223159078134,17,1115.12954199964,0,1,0.382670276281884,0
hilly,medium,25105,5,2953.75,13.246275512577,2.64925510251541,86.1720067453626,15,1117.9597425914,1,1,8.21162852474755,0
hilly,medium,25105,6,4197.5,14.130256251766,2.35504270862767,86.2844294547499,16,1281.89614702305,1,1,8.56895541076851,0
hilly,medium,25105,7,3477.5,14.159708265031,2.022815466433,86.3406408094435,16,1211.0259183921,1,1,8.40599069008577,0
hilly,medium,25105,8,3431.25,14.1476534680176,1.7684566835022,86.3968521641372,16,1273.05764961912,1,1,8.44421213412845,0
hilly,medium,25105,9,3668.75,15.0272192869466,1.66969103188295,85.4412591343451,17,1308.54409054411,1,1,8.54979031582132,0
hilly,medium,25105,10,4197.5,15.9103180888505,1.59103180888505,85.2726250702642,18,1468.46035332945,1,1,8.79302645037984,0
hilly,medium,25105,11,3678.75,15.0006206246156,1.36369278405596,85.4974704890388,17,1428.27164158977,1,1,8.63882121899117,0
hilly,medium,25105,12,3757.5,15.9260914149954,1.32717428458295,86.9589657110736,18,1409.85306942332,1,1,8.68198886973977,0
hilly,medium,25106,1,5506.25,9.69385569054911,9.69385569054911,86.4127345082433,11,1048.28865747663,0,1,0.410015247148925,0
hilly,medium,25106,2,3567.5,10.5953656379588,5.29768281897942,86.6969869243889,12,1028.96034905141,0,1,0.156977081321452,0
hilly,medium,25106,3,3105,12.3734081812035,4.1244693937345,85.162023877203,14,1071.95130217865,0,1,0.179910125267487,0
hilly,medium,25106,4,2933.75,12.3718828785651,3.09297071964128,86.6969869243889,14,1069.53917278131,0,1,0.154149658207186,1
hilly,medium,25106,5,2705,11.4907306321717,2.29814612643434,85.3894258101194,13,1088.56701257293,1,1,8.09829111206137,0
hilly,medium,25106,6,3315,12.378998168,2.06316636133334,85.2188743604321,14,1188.7939341315,1,1,8.27065015946378,0
hilly,medium,25106,7,3262.5,13.2647295758331,1.89496136797616,86.6969869243889,15,1201.63008919679,1,1,8.30303063560745,0
hilly,medium,25106,8,3572.5,15.0199132381575,1.87748915476969,87.833996588971,17,1186.72408142682,1,1,8.40541392553407,0
hilly,medium,25106,9,4893.75,16.7955367307135,1.86617074785705,85.5599772598067,19,1469.1679973694,1,1,8.8070400177095,0
hilly,medium,25106,10,3946.25,15.0051094809039,1.50051094809039,85.7873791927231,17,1424.2772340775,1,1,8.58131929137999,0
hilly,medium,25106,11,5085,17.6671517038487,1.60610470034988,86.0716316088687,20,1607.92684297251,1,1,8.93894553636209,0
hilly,medium,25106,12,4438.75,17.6912169810333,1.47426808175277,86.0716316088687,20,1479.31353993067,1,1,8.78092517630941,0
hilly,medium,25107,1,6506.25,11.4692541705291,11.4692541705291,86.90275435638,13,1038.25273309716,0,1,0.448957020004278,0
hilly,medium,25107,2,3533.75,10.5817998242592,5.29089991212958,85.947161326588,12,1034.57428534047,0,1,0.0697093906011329,1
hilly,medium,25107,3,3160,12.3795426825687,4.1265142275229,85.8347386172007,14,1028.96330387469,0,1,0.110787839692716,0
hilly,medium,25107,4,2946.25,12.3983296361039,3.09958240902597,86.9589657110736,14,1065.17754748195,0,1,0.111546297553341,0
hilly,medium,25107,5,3068.75,13.2602821965989,2.65205643931978,87.0713884204609,15,1099.24093802251,0,1,0.189364804291929,0
hilly,medium,25107,6,2995,13.24786950628,2.20797825104667,86.2282181000562,15,1129.19291039971,1,1,8.20022028291705,0
hilly,medium,25107,7,3308.75,13.2667102727689,1.89524432468128,85.0477796514896,15,1209.42766208076,1,1,8.28926457871985,0
hilly,medium,25107,8,3468.75,13.2470393719807,1.65587992149759,85.8909499718943,15,1261.01431554664,1,1,8.3402930245337,0
hilly,medium,25107,9,3788.75,14.1555859408567,1.57284288231741,86.1720067453626,16,1342.05423946129,1,1,8.47351334932464,0
hilly,medium,25107,10,3680,15.0440684942563,1.50440684942563,85.3850477796515,17,1324.95523852434,1,1,8.49290848532655,0
hilly,medium,25107,11,3995,15.9003952481396,1.4454904771036,87.1838111298482,18,1386.86156905071,1,1,8.6104357340214,0
hilly,medium,25107,12,4191.25,16.7972744183102,1.39977286819252,87.5772906127038,19,1484.13476121751,1,1,8.73988764044944,0
hilly,medium,25108,1,5961.25,10.5789154442512,10.5789154442512,85.0653038046565,12,1144.99594341215,0,1,0.427763260870682,0
hilly,medium,25108,2,3828.75,11.4724850049875,5.73624250249373,85.5195911413969,13,1131.10401905099,0,1,0.198715014003331,0
hilly,medium,25108,3,3162.5,12.3721564294378,4.12405214314594,86.0874503123225,14,1103.96825359994,0,1,0.153091836907623,0
hilly,medium,25108,4,2906.25,12.390748567873,3.09768714196824,86.7688813174333,14,1136.84931404443,0,1,0.143030135340427,1
hilly,medium,25108,5,3442.5,12.3672613093399,2.47345226186798,85.2924474730267,14,1248.3810224345,1,1,8.28715022984987,0
hilly,medium,25108,6,3327.5,14.1381145209443,2.35635242015739,88.0749574105622,16,1214.61166542865,0,1,0.367289246025468,0
hilly,medium,25108,7,3050,13.2723272058782,1.89604674369689,85.9170925610449,15,1233.86794267196,1,1,8.28627125432754,0
hilly,medium,25108,8,3335,14.1455875852482,1.76819844815603,86.03066439523,16,1330.60477552017,1,1,8.44726144672585,0
hilly,medium,25108,9,3422.5,14.157774486922,1.57308605410244,87.1663827370812,16,1353.39880598911,1,1,8.47495509553481,0
hilly,medium,25108,10,3703.75,15.0376141386847,1.50376141386847,85.4060193072118,17,1436.34140662373,1,1,8.62655837679275,0
hilly,medium,25108,11,3908.75,15.0418768251739,1.36744334774308,85.5195911413969,17,1547.29899205291,1,1,8.72876829792666,0
hilly,medium,25108,12,3422.5,15.07925864403,1.2566048870025,86.5985235661556,17,1461.97058687346,1,1,8.60985274399159,0
hilly,medium,25109,1,6457.5,11.4673639921326,11.4673639921326,86.5092748735244,13,1087.075868347,0,1,0.414728384960018,0
hilly,medium,25109,2,3836.25,11.4830667755291,5.74153338776453,86.0595840359753,13,1063.5077061072,0,1,0.108723521971418,1
hilly,medium,25109,3,2933.75,11.4896493389179,3.82988311297263,86.0595840359753,13,1067.47300338407,1,1,8.01098104730536,0
hilly,medium,25109,4,2962.5,12.3886002731971,3.09715006829928,86.2282181000562,14,1084.70958047787,1,1,8.07570914579357,0
hilly,medium,25109,5,2868.75,12.3750042199198,2.47500084398396,85.1039910061833,14,1153.43915886061,1,1,8.10744321419629,0
hilly,medium,25109,6,3671.25,13.2531591932477,2.20885986554128,86.0595840359753,15,1258.10430742915,1,1,8.31187545347858,0
hilly,medium,25109,7,3137.5,12.3837764055741,1.76911091508201,85.2164137155705,14,1246.99560246572,1,1,8.19635914837349,0
hilly,medium,25109,8,3478.75,13.253041146892,1.6566301433615,85.7223159078134,15,1329.8473813343,1,1,8.3352470464753,0
hilly,medium,25109,9,3062.5,13.276597531213,1.47517750346811,85.1039910061833,15,1238.23932405561,1,1,8.23293361984055,0
hilly,medium,25109,10,3703.75,15.0390578719912,1.50390578719912,86.3968521641372,17,1368.67015139231,1,1,8.48541989070596,0
hilly,medium,25109,11,3798.75,15.0311297438929,1.3664663403539,85.1602023608769,17,1429.74537719545,1,1,8.53372850588022,0
hilly,medium,25109,12,4340,16.7811466145005,1.3984288845417,85.4974704890388,19,1543.56364510758,1,1,8.7639846743295,0
hilly,medium,25110,1,6076.25,10.5712457755771,10.5712457755771,87.0181405895692,12,1038.25239598817,0,1,0.4,0
hilly,medium,25110,2,3812.5,11.4777455624061,5.73887278120303,85.6575963718821,13,1057.35237793807,0,1,0.172575415208427,0
hilly,medium,25110,3,3123.75,12.3673920297636,4.12246400992121,86.7913832199547,14,1078.04210940437,0,1,0.143833985574421,1
hilly,medium,25110,4,3063.75,13.2675486894534,3.31688717236334,86.734693877551,15,1073.45253410069,0,1,0.176480334937259,0
hilly,medium,25110,5,2900,12.3652531424133,2.47305062848266,86.1111111111111,14,1112.45282050693,1,1,8.14046552733353,0
hilly,medium,25110,6,3270,13.2593991266112,2.20989985443519,86.6213151927438,15,1149.38641020316,1,1,8.25703530900489,0
hilly,medium,25110,7,3295,13.2670860768574,1.89529801097963,86.6780045351474,15,1228.86083168539,1,1,8.31809366822907,0
hilly,medium,25110,8,3301.25,13.2699929043849,1.65874911304811,85.5442176870748,15,1250.35531443693,1,1,8.33458300120352,0
hilly,medium,25110,9,3646.25,15.024758568504,1.66941761872267,86.5646258503401,17,1293.56222712193,1,1,8.49415969453714,0
hilly,medium,25110,10,3505,14.1399894515232,1.41399894515232,85.2040816326531,16,1357.40897154209,1,1,8.47981433949333,0
hilly,medium,25110,11,3637.5,14.1419006080794,1.28562732800722,85.0907029478458,16,1437.92844584836,1,1,8.55488800211879,0
hilly,medium,25110,12,4053.75,16.775626438379,1.39796886986491,86.7913832199547,19,1452.62550085275,1,1,8.74529712711531,0
hilly,medium,25111,1,6038.75,10.5766387892765,10.5766387892765,86.3485016648169,12,1059.706155275,0,1,0.415138679958501,0
hilly,medium,25111,2,3548.75,10.5913089341144,5.2956544670572,85.4051054384018,12,1050.87520204628,0,1,0.0884573332421624,0
hilly,medium,25111,3,2941.25,11.4707182349585,3.82357274498616,86.4594894561598,13,1037.25631288683,0,1,0.0501762766648259,1
hilly,medium,25111,4,3298.75,14.1255195071521,3.53137987678802,86.7924528301887,16,1046.09935684381,0,1,0.251294745633844,0
hilly,medium,25111,5,3242.5,13.2622270612446,2.65244541224891,85.9600443951165,15,1153.58802474971,1,1,8.26806553705811,0
hilly,medium,25111,6,3193.75,13.2689248838589,2.21148748064315,86.8479467258602,15,1137.26606240387,1,1,8.25113957798959,0
hilly,medium,25111,7,3105,12.3866083536694,1.76951547909563,86.015538290788,14,1200.10623806634,1,1,8.23253782095585,0
hilly,medium,25111,8,3728.75,15.0457580826301,1.88071976032876,87.0144284128746,17,1287.94209856957,1,1,8.52155039404557,0
hilly,medium,25111,9,3745,14.1367735816321,1.57075262018135,86.5704772475028,16,1350.67184091518,1,1,8.51493686759073,0
hilly,medium,25111,10,4066.25,15.8956113558254,1.58956113558254,86.5149833518313,18,1379.65997065427,1,1,8.67467663668831,0
hilly,medium,25111,11,3768.75,15.9222692651346,1.44747902410315,86.2375138734739,18,1349.10011129566,1,1,8.61714707972277,0
hilly,medium,25111,12,3991.25,15.8975841808201,1.32479868173501,85.2941176470588,18,1482.14006331365,1,1,8.73420787854856,0
hilly,medium,25112,1,5911.25,10.5777587856393,10.5777587856393,86.2244897959184,12,1091.09365277273,0,1,0.416147475486162,0
hilly,medium,25112,2,3485,10.5985167332352,5.29925836661762,85.7709750566893,12,1086.82320690271,1,1,8.08754267329063,0
hilly,medium,25112,3,2940,11.5057296469048,3.83524321563495,85.4875283446712,13,1069.14347319835,0,1,0.05216657720512,1
hilly,medium,25112,4,3216.25,12.3704590744522,3.09261476861306,86.6780045351474,14,1111.29771121371,0,1,0.16897815560459,0
hilly,medium,25112,5,3587.5,13.2503821873681,2.65007643747361,86.4512471655329,15,1200.98678441,0,1,0.334401712967466,0
hilly,medium,25112,6,3732.5,13.2453831621955,2.20756386036592,86.3378684807256,15,1241.4051578674,0,1,0.383374548711529,0
hilly,medium,25112,7,3186.25,12.3892870894921,1.76989815564173,85.0340136054422,14,1228.06007641207,1,1,8.25189319007875,0
hilly,medium,25112,8,3662.5,13.2497817429307,1.65622271786634,85.1473922902494,15,1357.1352186596,1,1,8.4593340761792,0
hilly,medium,25112,9,3992.5,14.1289003630265,1.56987781811406,85.1473922902494,16,1414.47548216753,1,1,8.59536204478966,0
hilly,medium,25112,10,3842.5,14.1293675312912,1.41293675312912,85.4308390022676,16,1449.27704926565,1,1,8.60079628253398,0
hilly,medium,25112,11,4160,15.8970624200066,1.44518749272787,85.9977324263039,18,1476.95049405161,1,1,8.76326927850872,0
hilly,medium,25112,12,3890,15.9143415805007,1.32619513170839,85.1473922902494,18,1465.33066738606,1,1,8.71934426790669,0
hilly,medium,25113,1,5990,10.572911219967,10.572911219967,86.4273696017947,12,1088.0405936722,0,1,0.419626481860518,0
hilly,medium,25113,2,3603.75,10.6019135001088,5.30095675005442,85.8104318564218,12,1055.88613285778,0,1,0.122229560253443,0
hilly,medium,25113,3,3116.25,12.3785702429117,4.12619008097055,86.315199102636,14,1106.89380416311,0,1,0.196104647011186,0
hilly,medium,25113,4,2573.75,11.4972674970309,2.87431687425773,85.1934941110488,13,1109.31371253497,0,1,0.0845459610331775,1
hilly,medium,25113,5,2585,11.5031283323333,2.30062566646667,86.3712843522154,13,1135.35781973354,0,1,0.102089320880007,0
hilly,medium,25113,6,3408.75,12.3896251065769,2.06493751776281,85.698261357263,14,1251.55695587223,1,1,8.31927352506671,0
hilly,medium,25113,7,3503.75,13.2616025428,1.89451464897143,87.2686483454851,15,1272.98333130345,1,1,8.39246696263307,0
hilly,medium,25113,8,3725,13.2658377875679,1.65822972344599,86.2030286034773,15,1389.19351034179,1,1,8.48954303834517,0
hilly,medium,25113,9,3433.75,14.1185698865205,1.56872998739117,85.3617498597869,16,1317.37979931079,1,1,8.45951814723647,0
hilly,medium,25113,10,4001.25,15.0218759323731,1.50218759323731,85.8665171060011,17,1468.69585443291,1,1,8.66907782882094,0
hilly,medium,25113,11,4243.75,15.9124344248513,1.44658494771375,85.4178351093662,18,1514.88533316915,1,1,8.77570057338862,0
hilly,medium,25113,12,4043.75,15.9061286570458,1.32551072142048,85.1374088614694,18,1547.38217951965,1,1,8.77176426279102,0
hilly,medium,25114,1,6041.25,10.5821405725097,10.5821405725097,85.5936972425436,12,1064.7249572907,0,1,0.401887052325697,0
hilly,medium,25114,2,3833.75,11.4773327923161,5.73866639615804,86.1564434440068,13,1069.42719992872,0,1,0.168407694204265,0
hilly,medium,25114,3,2885,11.507387250346,3.83579575011533,86.6066404051773,13,1090.39467002301,0,1,0.0633709589026568,1
hilly,medium,25114,4,3058.75,12.3704881163614,3.09262202909035,87.5633089476646,14,1061.8474935053,0,1,0.108320044509342,0
hilly,medium,25114,5,3342.5,12.3569026026351,2.47138052052703,85.1435002813731,14,1178.68873985214,1,1,8.22024980412801,0
hilly,medium,25114,6,3525,14.1450287547576,2.3575047924596,87.0005627462015,16,1177.46041269129,1,1,8.32886253394001,0
hilly,medium,25114,7,4452.5,14.1284431133641,2.01834901619487,86.4378165447383,16,1395.59209709606,1,1,8.58865835163048,0
hilly,medium,25114,8,4512.5,14.1180839138723,1.76476048923404,85.8187957231289,16,1470.78393744524,1,1,8.64507351977343,0
hilly,medium,25114,9,3942.5,15.025484189355,1.66949824326167,85.1997749015194,17,1381.51850421076,1,1,8.5580836581207,0
hilly,medium,25114,10,3757.5,15.0424140796423,1.50424140796423,86.2689926842994,17,1354.43631053268,1,1,8.51769448729866,0
hilly,medium,25114,11,4455,16.7988584800443,1.5271689527313,86.2127180641531,19,1510.95658758448,1,1,8.79349784756706,0
hilly,medium,25114,12,3791.25,15.0124932461591,1.25104110384659,85.0309510410805,17,1519.30122908263,1,1,8.62864690290166,0
hilly,medium,25115,1,6381.25,11.4651394659388,11.4651394659388,85.7538802660754,13,1139.19771971159,0,1,0.421171847811113,0
hilly,medium,25115,2,3781.25,11.4876367862471,5.74381839312357,86.7516629711752,13,1111.80192976559,0,1,0.107280689130851,0
hilly,medium,25115,3,3102.5,12.37149014423,4.12383004807668,85.4767184035477,14,1117.24990317141,0,1,0.109155533792553,0
hilly,medium,25115,4,2851.25,12.3888431322266,3.09721078305665,86.1419068736142,14,1121.62947174252,0,1,0.0855340607379223,1
hilly,medium,25115,5,3798.75,13.2543569477123,2.65087138954246,87.1951219512195,15,1251.48700826435,0,1,0.366284535211154,0
hilly,medium,25115,6,3470,13.2561679587008,2.20936132645014,85.1441241685144,15,1271.94342794695,1,1,8.34499422383334,0
hilly,medium,25115,7,4182.5,14.1424672882111,2.02035246974445,86.0310421286031,16,1372.73754995447,1,1,8.57840900789179,0
hilly,medium,25115,8,3550,14.1306508965962,1.76633136207452,87.0842572062084,16,1341.08637387203,1,1,8.4812801205152,0
hilly,medium,25115,9,3686.25,14.1370675730222,1.57078528589135,85.1441241685144,16,1411.37234692616,1,1,8.55157861123593,0
hilly,medium,25115,10,3507.5,14.1429204433984,1.41429204433984,85.0886917960089,16,1411.82998777129,1,1,8.53217117167074,0
hilly,medium,25115,11,3293.75,14.1653433003772,1.28775848185248,86.3636363636364,16,1376.84514681408,1,1,8.48280540631768,0
hilly,medium,25115,12,3625,15.0206173468715,1.25171811223929,85.5875831485588,17,1499.99369541232,1,1,8.68767705382436,0
hilly,medium,25116,1,5510,9.69668097472161,9.69668097472161,85.4368932038835,11,1069.21927788165,0,1,0.4,0
hilly,medium,25116,2,3808.75,11.4739844429986,5.7369922214993,85.9508852084523,13,1075.48604499231,0,1,0.238449342503632,0
hilly,medium,25116,3,2685,10.615757606336,3.53858586877867,85.0942318675043,12,1075.50335073225,0,1,0.043090159486535,1
hilly,medium,25116,4,3345,12.3702271410418,3.09255678526044,85.4368932038835,14,1136.15700266565,0,1,0.251812056447355,0
hilly,medium,25116,5,2975,12.3747500674035,2.47495001348069,85.4940034266134,14,1152.55483598164,0,1,0.210739493927439,0
hilly,medium,25116,6,2987.5,12.3622137750585,2.06036896250975,86.2364363221017,14,1191.59135276513,1,1,8.23846564856243,0
hilly,medium,25116,7,3181.25,12.3731906051912,1.76759865788446,85.0371216447744,14,1243.73924504034,1,1,8.30174475591989,0
hilly,medium,25116,8,3883.75,15.0492076704373,1.88115095880466,87.5499714448886,17,1299.85307064123,1,1,8.55233500031062,0
hilly,medium,25116,9,3180,13.2685061340279,1.47427845933644,87.0359794403198,15,1294.76873259598,1,1,8.37401339751726,0
hilly,medium,25116,10,4158.75,15.0126123599322,1.50126123599322,85.9508852084523,17,1511.37837112649,1,1,8.73324463161487,0
hilly,medium,25116,11,3988.75,15.9098043147625,1.44634584679659,85.9508852084523,18,1462.21116446012,1,1,8.71371640120357,0
hilly,medium,25116,12,4112.5,16.7980958984175,1.39984132486813,86.6362078812107,19,1485.49365196476,1,1,8.78456140132883,0
hilly,medium,25117,1,6042.5,10.5779266993189,10.5779266993189,85.5056179775281,12,1090.95147720154,0,1,0.401155248861997,0
hilly,medium,25117,2,3497.5,10.6025761991977,5.30128809959885,85.6741573033708,12,1110.74680570975,0,1,0.0746276937038558,1
hilly,medium,25117,3,3127.5,12.3633139767913,4.12110465893045,85.3932584269663,14,1089.2993784017,0,1,0.108836097850401,0
hilly,medium,25117,4,3063.75,13.253823196997,3.31345579924924,86.4606741573034,15,1118.51171840765,0,1,0.170717563879753,0
hilly,medium,25117,5,3288.75,12.3745535528528,2.47491071057057,85.3370786516854,14,1202.6523104041,1,1,8.21038406756062,0
hilly,medium,25117,6,3253.75,13.2485314768892,2.20808857948153,85.1123595505618,15,1219.81742945947,1,1,8.26677358454849,0
hilly,medium,25117,7,3696.25,14.151576704972,2.021653814996,86.0674157303371,16,1300.65226225805,1,1,8.43343828038482,0
hilly,medium,25117,8,3793.75,13.251132530482,1.65639156631026,85.0561797752809,15,1434.54976692024,1,1,8.48958733722068,0
hilly,medium,25117,9,3686.25,14.1341465597409,1.5704607288601,86.4044943820225,16,1384.75983087918,1,1,8.48992965234134,0
hilly,medium,25117,10,3500,14.1507493525048,1.41507493525048,85.2808988764045,16,1391.98906957023,1,1,8.47090677694232,0
hilly,medium,25117,11,3931.25,15.9193749783627,1.44721590712388,86.4606741573034,18,1436.40799889207,1,1,8.65921146482579,0
hilly,medium,25117,12,3933.75,15.9027400267654,1.32522833556379,85.2247191011236,18,1518.32351013526,1,1,8.71589323387618,0
hilly,medium,25118,1,6036.25,10.5749050505678,10.5749050505678,85.7948139797069,12,1059.10557484744,0,1,0.406470500004818,0
hilly,medium,25118,2,3803.75,11.4707483875476,5.73537419377381,86.0202931228861,13,1068.5605805316,0,1,0.173185653433022,0
hilly,medium,25118,3,2936.25,11.4843299765852,3.82810999219505,86.3021420518602,13,1050.12597581788,0,1,0.0540516127233986,1
hilly,medium,25118,4,2896.25,12.3879442980964,3.09698607452411,87.3731679819617,14,1093.65367312558,0,1,0.114422676851968,0
hilly,medium,25118,5,2978.75,13.256824493793,2.6513648987586,86.5276211950395,15,1086.54404858051,1,1,8.15202128928836,0
hilly,medium,25118,6,2836.25,12.3842006891221,2.06403344818701,85.8511837655017,14,1146.63107820924,1,1,8.14510021128506,0
hilly,medium,25118,7,3048.75,12.3829014410778,1.76898592015397,86.1330326944758,14,1210.32197350508,1,1,8.21699934116846,0
hilly,medium,25118,8,3656.25,14.141330189519,1.76766627368988,86.9222096956032,16,1298.15747593748,1,1,8.42076345840517,0
hilly,medium,25118,9,3346.25,14.1515594804197,1.57239549782441,86.7531003382187,16,1280.49895636652,1,1,8.37041533524631,0
hilly,medium,25118,10,2773.75,12.3795669738996,1.23795669738996,85.2874859075535,14,1269.72296424649,1,1,8.22596076975204,0
hilly,medium,25118,11,4857.5,18.5690901947285,1.68809910861168,85.9639233370913,21,1466.45851686754,1,1,8.85547892720307,0
hilly,medium,25118,12,3858.75,15.9217238809681,1.326810323414,86.4712514092446,18,1419.02436788706,1,1,8.59949837478829,0
hilly,medium,25119,1,5540,9.70191946296223,9.70191946296223,85.7384441939121,11,1073.32262801506,0,1,0.409401366073515,0
hilly,medium,25119,2,3226.25,9.70876071715618,4.85438035857809,85.6257046223224,11,1083.76282167221,0,1,0.0914816635672005,0
hilly,medium,25119,3,2701.25,10.604188869484,3.53472962316133,86.0766629086809,12,1060.76149288902,0,1,0.0382636529229473,1
hilly,medium,25119,4,3083.75,14.1534597460046,3.53836493650116,86.0766629086809,16,1092.68175184502,0,1,0.266569606019931,0
hilly,medium,25119,5,2912.5,12.3783358753921,2.47566717507842,86.4712514092446,14,1129.95214883302,1,1,8.19505437950513,0
hilly,medium,25119,6,3430,12.3780209369616,2.06300348949359,85.0620067643743,14,1258.80762664211,1,1,8.36440216552484,0
hilly,medium,25119,7,3437.5,13.2630600470901,1.89472286387002,86.5276211950395,15,1244.77512100144,1,1,8.39248930364338,0
hilly,medium,25119,8,3255,12.3746142373979,1.54682677967474,85.0056369785795,14,1305.83418928618,1,1,8.37479592550519,0
hilly,medium,25119,9,4782.5,16.7760172366799,1.86400191518666,87.0349492671928,19,1461.59053287584,1,1,8.89326287978864,0
hilly,medium,25119,10,3660,14.1285803102833,1.41285803102833,86.5276211950395,16,1387.66252603957,1,1,8.56749021950411,0
hilly,medium,25119,11,3537.5,14.1489348073581,1.28626680066892,85.5129650507328,16,1418.33054996283,1,1,8.5740457439809,0
hilly,medium,25119,12,3720,15.9015140934933,1.32512617445777,86.6403607666291,18,1456.95315540349,1,1,8.7029921231659,0
hilly,medium,25120,1,6058.75,10.5738313301786,10.5738313301786,86.5839909808343,12,1050.40843261114,0,1,0.409223501538237,0
hilly,medium,25120,2,3588.75,10.5993734322793,5.29968671613966,85.8511837655017,12,1038.90375642052,0,1,0.0910255450376337,1
hilly,medium,25120,3,3097.5,12.3919308610492,4.13064362034973,86.8658399098083,14,1095.4283429846,0,1,0.195075654975931,0
hilly,medium,25120,4,2878.75,12.3722975636732,3.0930743909183,85.6820744081172,14,1109.11754337413,0,1,0.177214724892081,0
hilly,medium,25120,5,3145,13.2455796088414,2.64911592176828,86.9222096956032,15,1128.25826235179,0,1,0.28476742332996,0
hilly,medium,25120,6,3778.75,13.2565811918913,2.20943019864854,85.4002254791432,15,1270.97337111959,0,1,0.479641331977884,0
hilly,medium,25120,7,3177.5,13.2687197728663,1.89553139612376,85.456595264938,15,1218.44160425258,1,1,8.36271291761238,0
hilly,medium,25120,8,2881.25,13.2485263438675,1.65606579298344,85.0056369785795,15,1188.17123369487,1,1,8.29982273609869,0
hilly,medium,25120,9,3940,15.0276913458235,1.66974348286928,86.8658399098083,17,1378.79258692615,1,1,8.7054486754506,0
hilly,medium,25120,10,3530,15.0356743652382,1.50356743652382,85.8511837655017,17,1298.80304392942,1,1,8.59028407549425,0
hilly,medium,25120,11,3610,15.0273590325907,1.36612354841734,85.0056369785795,17,1413.10035007597,1,1,8.69142203580637,0
hilly,medium,25120,12,3558.75,15.0173539672118,1.25144616393432,85.6257046223224,17,1396.74560338241,1,1,8.67119089796656,0
hilly,medium,25121,1,5433.75,9.69299025855608,9.69299025855608,85.8447488584475,11,1078.25668485307,0,1,0.4,0
hilly,medium,25121,2,3765,11.4743062169158,5.7371531084579,87.3287671232877,13,1085.10801672725,0,1,0.196075885687531,1
hilly,medium,25121,3,3750,15.0347400201699,5.0115800067233,85.5022831050228,17,1085.78602992209,0,1,0.344949731152936,0
hilly,medium,25121,4,3091.25,13.262348272487,3.31558706812174,86.4155251141552,15,1110.76398676186,1,1,8.17753987505451,0
hilly,medium,25121,5,3293.75,14.1292672675398,2.82585345350796,87.0433789954338,16,1146.05265081072,1,1,8.27737992692163,0
hilly,medium,25121,6,3117.5,13.267865496502,2.21131091608366,85.5593607305936,15,1179.62360055828,1,1,8.23791282039273,0
hilly,medium,25121,7,3787.5,14.1489096974488,2.02127281392126,85.2739726027397,16,1295.21340284655,1,1,8.48308523721267,0
hilly,medium,25121,8,4055,15.9160207209256,1.9895025901157,86.472602739726,18,1292.31400415652,1,1,8.60130763917335,0
hilly,medium,25121,9,3310,13.2592760355961,1.47325289284401,85.7305936073059,15,1304.03769032163,1,1,8.37097909224948,0
hilly,medium,25121,10,4268.75,16.7719880505376,1.67719880505376,86.4155251141552,19,1418.4299536345,1,1,8.77601701347422,0
hilly,medium,25121,11,3723.75,15.0365861709784,1.36696237917986,85.3881278538813,17,1449.42258111101,1,1,8.63445988043445,0
hilly,medium,25121,12,3608.75,15.0197162365627,1.25164301971356,86.8721461187215,17,1427.91944346478,1,1,8.59672760150128,0
hilly,high,25202,1,5512.5,9.69685950930901,9.69685950930901,85.5555555555556,11,1099.18765012011,0,1,0.421188535336852,0
hilly,high,25202,2,4085,12.3582525570688,6.1791262785344,87,14,1112.28636358859,0,1,0.300396028515272,0
hilly,high,25202,3,3158.75,12.3797757371325,4.12659191237752,86.4444444444444,14,1070.21506873536,0,1,0.113127153183782,1
hilly,high,25202,4,3417.5,14.1552761180587,3.53881902951468,86.3888888888889,16,1103.24318860028,1,1,8.25611930319839,0
hilly,high,25202,5,3208.75,14.1268054233795,2.8253610846759,87.4444444444444,16,1122.63091123412,0,1,0.23362234470383,0
hilly,high,25202,6,3472.5,13.2613741628733,2.21022902714555,87.4444444444444,15,1222.70346094937,1,1,8.31513900381121,0
hilly,high,25202,7,3542.5,14.1490118941214,2.02128741344592,85.6666666666667,16,1285.60278357336,1,1,8.41046301743661,0
hilly,high,25202,8,3280,15.0546366526624,1.8818295815828,85.5555555555556,17,1226.19911792582,1,1,8.36059597337086,0
hilly,high,25202,9,4180,15.8951587099283,1.76612874554759,86.8333333333333,18,1414.04073133455,1,1,8.68635895371487,0
hilly,high,25202,10,3920,15.0034577354625,1.50034577354625,85.4444444444444,17,1444.41756097655,1,1,8.62679041416629,0
hilly,high,25202,11,3830,15.9081039477299,1.44619126797545,86.6666666666667,18,1440.49802833713,1,1,8.64677427626709,0
hilly,high,25202,12,4103.75,16.8116400522216,1.4009700043518,86.5,19,1480.42626442413,1,1,8.76059479553903,0
hilly,high,25203,1,5633.75,9.69556062699668,9.69556062699668,86.7000556483027,11,1055.04065380211,0,1,0.4,0
hilly,high,25203,2,3857.5,11.474838291712,5.73741914585602,86.0322760155815,13,1062.47690618924,0,1,0.187629919400799,0
hilly,high,25203,3,3133.75,12.3745682107679,4.12485607025595,86.9226488592098,14,1072.96933488061,0,1,0.112472899233701,1
hilly,high,25203,4,3258.75,13.2464592822848,3.31161482057121,85.8653311074012,15,1091.9923223766,0,1,0.17754155166022,0
hilly,high,25203,5,3245,13.2550986658345,2.65101973316689,87.4234835837507,15,1127.92768500823,0,1,0.198730256857126,0
hilly,high,25203,6,3823.75,13.260714622828,2.21011910380466,87.2008903728436,15,1285.33062778453,0,1,0.39256219348405,0
hilly,high,25203,7,3172.5,13.2409185427374,1.89155979181963,85.4201446855871,15,1207.94513273441,1,1,8.23795056385305,0
hilly,high,25203,8,3568.75,14.1416837629191,1.76771047036489,86.1992209237618,16,1280.55808087706,1,1,8.38190114597854,0
hilly,high,25203,9,3562.5,15.0291793255588,1.66990881395098,86.9782971619366,17,1284.01240219143,1,1,8.41656602175897,0
hilly,high,25203,10,3751.25,15.0403444442759,1.50403444442759,87.0339454646633,17,1345.30271260419,1,1,8.4865225731115,0
hilly,high,25203,11,4631.25,17.6556588041131,1.60505989128301,86.1992209237618,20,1504.88439344008,1,1,8.8283070653674,0
hilly,high,25203,12,4327.5,16.7784488092259,1.39820406743549,86.5887590428492,19,1522.48027714369,1,1,8.75793972955978,0
hilly,high,25204,1,5466.25,9.69333181484572,9.69333181484572,85.1123595505618,11,1063.07032946171,0,1,0.415430774805587,0
hilly,high,25204,2,3538.75,10.603603485989,5.30180174299452,86.2359550561798,12,1037.80147087056,1,1,8.1369528405397,0
hilly,high,25204,3,2908.75,11.5069617692532,3.83565392308441,87.247191011236,13,1044.9222495897,0,1,0.0808948456211667,1
hilly,high,25204,4,3348.75,13.2717769144434,3.31794422861086,87.247191011236,15,1098.79111504317,0,1,0.257093967355651,0
hilly,high,25204,5,3695,13.2630341587702,2.65260683175405,86.123595505618,15,1155.11155206021,1,1,8.34527226321702,0
hilly,high,25204,6,3253.75,12.3745693070705,2.06242821784508,85.561797752809,14,1197.65094342715,1,1,8.26473808480525,0
hilly,high,25204,7,3646.25,13.2400950376064,1.89144214822948,85.561797752809,15,1236.20758848167,1,1,8.3862018625018,0
hilly,high,25204,8,3877.5,14.137065083438,1.76713313542975,86.4044943820225,16,1307.82394633962,1,1,8.50396121088881,0
hilly,high,25204,9,3573.75,15.0315858078442,1.67017620087158,85.8426966292135,17,1263.92710049682,1,1,8.46740199744825,0
hilly,high,25204,10,4551.25,15.8970148213997,1.58970148213997,85.7303370786517,18,1529.07022910549,1,1,8.81872543578571,0
hilly,high,25204,11,4311.25,16.7949688520648,1.52681535018771,85.1123595505618,19,1435.89339326977,1,1,8.76218830240675,0
hilly,high,25204,12,4075,16.8012907778988,1.4001075648249,86.5730337078652,19,1414.43048087918,1,1,8.71239835870268,0
hilly,high,25205,1,5995,10.5723483715817,10.5723483715817,87.0621468926554,12,1074.83288630011,0,1,0.402630455150324,0
hilly,high,25205,2,3532.5,10.6081082748872,5.30405413744362,86.2146892655367,12,1073.21908487635,0,1,0.0920366832472881,1
hilly,high,25205,3,3136.25,12.3807918409237,4.12693061364124,85.9322033898305,14,1069.90421685023,0,1,0.125906831605896,0
hilly,high,25205,4,2832.5,12.3937744160676,3.0984436040169,86.1016949152542,14,1098.1882614563,0,1,0.103211256834561,0
hilly,high,25205,5,3458.75,13.2350512518836,2.64701025037671,87.4576271186441,15,1152.07242104481,1,1,8.2518778010401,0
hilly,high,25205,6,3047.5,12.3754497258992,2.06257495431653,85.1977401129944,14,1156.69421572022,1,1,8.16074334701545,0
hilly,high,25205,7,3485,13.2545479944929,1.89350685635614,85.3672316384181,15,1254.49919796986,1,1,8.31080683668665,0
hilly,high,25205,8,4875,15.0154305749763,1.87692882187204,86.3841807909605,17,1500.36382823803,1,1,8.70302326237485,0
hilly,high,25205,9,3427.5,13.2623953735958,1.47359948595509,85.7627118644068,15,1369.47464530242,1,1,8.36527670778965,0
hilly,high,25205,10,4201.25,15.0043221899776,1.50043221899776,86.4971751412429,17,1461.86814489445,1,1,8.59672314015639,0
hilly,high,25205,11,3906.25,15.019772262149,1.36543384201354,85.3107344632768,17,1488.74685581218,1,1,8.57450362242541,0
hilly,high,25205,12,4541.25,16.7735864096985,1.39779886747488,85.2542372881356,19,1632.01257850886,1,1,8.81612648221344,0
hilly,high,25206,1,5480,9.69195630821482,9.69195630821482,85.2601156069364,11,1098.64406486248,0,1,0.414505774154787,0
hilly,high,25206,2,3560,10.6147503126302,5.3073751563151,86.878612716763,12,1077.06986462887,0,1,0.158272595205969,0
hilly,high,25206,3,2885,11.5215675333067,3.84052251110224,85.1445086705202,13,1108.24753037988,0,1,0.122384023072894,1
hilly,high,25206,4,2797.5,12.3741214398844,3.09353035997111,86.0115606936416,14,1100.60409473573,0,1,0.145377260450233,0
hilly,high,25206,5,2811.25,12.3814029552432,2.47628059104865,86.3005780346821,14,1154.16757273151,1,1,8.18379359732546,0
hilly,high,25206,6,3130,13.242097234002,2.20701620566701,87.0520231213873,15,1187.21196926234,1,1,8.29511499329741,0
hilly,high,25206,7,3197.5,12.3847891160733,1.76925558801047,86.1271676300578,14,1285.27577473349,1,1,8.32970547301265,0
hilly,high,25206,8,2848.75,12.359424689231,1.54492808615387,85.8381502890173,14,1260.24422732817,1,1,8.25964621624139,0
hilly,high,25206,9,3735,14.1232689243799,1.56925210270888,85.3179190751445,16,1390.86158396422,1,1,8.56481882041327,0
hilly,high,25206,10,3292.5,13.268187611967,1.3268187611967,85.3179190751445,15,1370.44700474559,1,1,8.44380747437898,0
hilly,high,25206,11,3566.25,14.1526325872255,1.28660296247505,85.0867052023121,16,1473.63490506677,1,1,8.59672807256036,0
hilly,high,25206,12,3961.25,15.9028942445584,1.32524118704653,86.1849710982659,18,1523.25494934196,1,1,8.7735321528425,0
hilly,high,25207,1,5491.25,9.70463911440514,9.70463911440514,86.381541924592,11,1077.36057605478,0,1,0.4,0
hilly,high,25207,2,3785,11.4714487565672,5.73572437828361,85.9876195835678,13,1090.33982436783,0,1,0.217386390286004,0
hilly,high,25207,3,3132.5,12.3765740062026,4.12552466873421,86.6629150253236,14,1093.38652085374,1,1,8.15714934949231,0
hilly,high,25207,4,3101.25,13.2710666173706,3.31776665434264,85.0309510410805,15,1111.62298286576,0,1,0.209261723323994,1
hilly,high,25207,5,3102.5,14.1409466960389,2.82818933920777,86.1001688238604,16,1131.236178783,1,1,8.26653873848353,0
hilly,high,25207,6,3035,12.3673338273009,2.06122230455014,86.7754642656162,14,1185.38922342904,0,1,0.21164282075872,0
hilly,high,25207,7,3255,13.2660414996225,1.89514878566035,86.1564434440068,15,1260.40591187923,1,1,8.34858005930873,0
hilly,high,25207,8,3501.25,14.1424454862222,1.76780568577778,85.8750703432752,16,1269.5523218705,1,1,8.43801351111696,0
hilly,high,25207,9,3335,13.2679003334302,1.47421114815891,85.312324141812,15,1353.75211992739,1,1,8.43354910881884,0
hilly,high,25207,10,3407.5,14.1505691538559,1.41505691538559,85.0872256612268,16,1357.9438714875,1,1,8.49117596021452,0
hilly,high,25207,11,3652.5,15.03115785149,1.36646889559,85.312324141812,17,1443.35413593006,1,1,8.6393103489145,0
hilly,high,25207,12,3818.75,15.9215332890759,1.32679444075632,85.7062464828362,18,1467.10771801393,1,1,8.72763358778626,0
hilly,high,25208,1,5953.75,10.5755231426902,10.5755231426902,85.6657223796034,12,1078.58906035735,0,1,0.414012911939723,0
hilly,high,25208,2,3502.5,10.5992585380174,5.29962926900868,85.4957507082153,12,1068.09494821455,0,1,0.085443767487649,0
hilly,high,25208,3,2902.5,11.5002685956469,3.83342286521562,85.0991501416431,13,1061.39711324079,0,1,0.0517462695615956,1
hilly,high,25208,4,3117.5,13.2419554100667,3.31048885251667,85.6657223796034,15,1084.04491263018,0,1,0.195851451190881,0
hilly,high,25208,5,3491.25,13.2494227267116,2.64988454534231,86.742209631728,15,1142.98696303513,1,1,8.29330844334988,0
hilly,high,25208,6,3577.5,14.1399992273675,2.35666653789458,85.8923512747875,16,1211.01472608633,1,1,8.40989801520799,0
hilly,high,25208,7,3585,14.1525677529713,2.02179539328161,86.4022662889518,16,1251.70704716004,1,1,8.44475225272479,0
hilly,high,25208,8,4166.25,15.8967196247321,1.98708995309151,86.9688385269122,18,1301.20666308269,1,1,8.65889501603214,0
hilly,high,25208,9,3843.75,15.0221981148606,1.6691331238734,86.1189801699717,17,1308.41091903405,1,1,8.57355347500375,0
hilly,high,25208,10,3407.5,14.1392988804959,1.41392988804959,86.2889518413598,16,1274.38649480405,1,1,8.43922630599255,0
hilly,high,25208,11,3845,15.9367528165852,1.44879571059866,85.7790368271955,18,1397.97253101561,1,1,8.6978937627881,0
hilly,high,25208,12,3867.5,15.9298257183079,1.32748547652566,86.4022662889518,18,1429.45652567072,1,1,8.72611790872274,0
hilly,high,25209,1,5932.5,10.5822375207814,10.5822375207814,86.1572535991141,12,1093.34188562013,0,1,0.418211932902944,0
hilly,high,25209,2,3806.25,11.4779230212151,5.73896151060756,86.6002214839424,13,1085.50531234388,0,1,0.18083201929218,0
hilly,high,25209,3,2937.5,11.487024555259,3.82900818508632,85.3820598006645,13,1073.56355779597,0,1,0.0607703950770143,1
hilly,high,25209,4,2757.5,12.3964503233694,3.09911258084236,85.1605758582503,14,1105.64381195909,0,1,0.105921335755295,0
hilly,high,25209,5,4178.75,14.1575199939308,2.83150399878617,86.3233665559247,16,1242.55654977879,1,1,8.48519037294631,0
hilly,high,25209,6,3250,13.244511561608,2.20741859360133,86.6002214839424,15,1182.46342558191,1,1,8.27440923639928,0
hilly,high,25209,7,3083.75,13.2808211479633,1.89726016399476,85.9911406423034,15,1197.24613041452,1,1,8.26860500710544,0
hilly,high,25209,8,3081.25,13.2561748295642,1.65702185369552,85.1605758582503,15,1235.31376988425,1,1,8.30230516633029,0
hilly,high,25209,9,3453.75,13.2630373085018,1.47367081205576,85.5481727574751,15,1351.43214345376,1,1,8.45644530737431,0
hilly,high,25209,10,3595,15.0341429914093,1.50341429914093,86.3787375415282,17,1327.56137200366,1,1,8.52682718620928,0
hilly,high,25209,11,4352.5,17.7078110759593,1.60980100690539,87.0431893687708,20,1399.3663366042,1,1,8.80094488188976,0
hilly,high,25209,12,3511.25,15.9353674927511,1.32794729106259,85.6035437430786,18,1361.22269653477,1,1,8.58521467592267,0
hilly,high,25210,1,6578.75,11.4563825590962,11.4563825590962,87.2434830837493,13,1048.91066667433,0,1,0.4,0
hilly,high,25210,2,4046.25,12.3725299935078,6.18626499675391,87.3544093178037,14,1079.39942497833,0,1,0.198641044782119,0
hilly,high,25210,3,3110,12.3785350604065,4.12617835346885,85.9123682750971,14,1074.35771241496,0,1,0.089866960063443,0
hilly,high,25210,4,3028.75,12.36927199153,3.09231799788251,86.4669994453688,14,1083.32881522476,0,1,0.0866461791017855,1
hilly,high,25210,5,3597.5,13.2459989558985,2.64919979117969,86.7443150305047,15,1193.01683274364,0,1,0.289964898959686,0
hilly,high,25210,6,4025,14.1428836057342,2.35714726762236,86.3560732113145,16,1219.36785744705,1,1,8.41780490280045,0
hilly,high,25210,7,4092.5,15.0262378514398,2.14660540734854,86.9107043815862,17,1268.50129439516,1,1,8.5208245831666,0
hilly,high,25210,8,3817.5,14.1264389370007,1.76580486712508,86.522462562396,16,1315.44030147011,1,1,8.46354778069421,0
hilly,high,25210,9,4191.25,15.900676952046,1.76674188356067,87.1880199667221,18,1341.19136406032,1,1,8.64398526845054,0
hilly,high,25210,10,4171.25,15.0333018843366,1.50333018843366,85.8014420410427,17,1422.10815950042,1,1,8.64246310492442,0
hilly,high,25210,11,3865,15.0381883273116,1.3671080297556,85.2468108707709,17,1434.43756020829,1,1,8.61729820247732,0
hilly,high,25210,12,3986.25,15.9105253097471,1.32587710914559,85.7459789240155,18,1459.29685791995,1,1,8.70788732394366,0
hilly,high,25211,1,6083.75,10.5855219405788,10.5855219405788,86.8306010928962,12,1054.35305674383,0,1,0.408511977443663,0
hilly,high,25211,2,3840,11.4707298829664,5.7353649414832,87.7049180327869,13,1046.88914564651,0,1,0.180412981603646,0
hilly,high,25211,3,2708.75,10.617887070915,3.53929569030499,86.2841530054645,12,1041.27225275655,0,1,0.0015606151508045,1
hilly,high,25211,4,3325,14.1605711304086,3.54014278260216,86.6120218579235,16,1125.20554913173,0,1,0.300039746703964,0
hilly,high,25211,5,2806.25,12.3695780710131,2.47391561420262,85.8469945355191,14,1098.74094622012,1,1,8.13497719876363,0
hilly,high,25211,6,3112.5,12.3758601622374,2.0626433603729,85.3005464480874,14,1177.0092754816,1,1,8.2225073980458,0
hilly,high,25211,7,4455,14.1376859169385,2.0196694167055,86.3934426229508,16,1381.48792286658,1,1,8.59963095460757,0
hilly,high,25211,8,3856.25,14.1355862040459,1.76694827550574,85.4644808743169,16,1339.51481268915,1,1,8.50125388559868,0
hilly,high,25211,9,3720,15.0319928934995,1.67022143261106,86.3934426229508,17,1304.98818978121,1,1,8.50586233654156,0
hilly,high,25211,10,3623.75,15.0323323357196,1.50323323357196,85.6284153005465,17,1303.40759662343,1,1,8.49344276869739,0
hilly,high,25211,11,4165,15.9036946929498,1.4457904266318,85.3551912568306,18,1492.40747375552,1,1,8.72259369334062,0
hilly,high,25211,12,4295,16.8071321151687,1.40059434293073,87.3224043715847,19,1502.29805106945,1,1,8.788,0
hilly,high,25212,1,6341.25,11.4545656841937,11.4545656841937,85.8017817371938,13,1099.36729383391,0,1,0.432104869616175,0
hilly,high,25212,2,3772.5,11.4890843093026,5.74454215465132,87.1380846325167,13,1071.74360398594,0,1,0.113995557126857,0
hilly,high,25212,3,2917.5,11.5030801244953,3.83436004149842,85.467706013363,13,1054.89724971715,0,1,0.00273075538940536,1
hilly,high,25212,4,3001.25,13.2687842078956,3.3171960519739,86.8596881959911,15,1098.49581811765,0,1,0.143378087537222,0
hilly,high,25212,5,3356.25,13.2654720654837,2.65309441309674,86.0244988864142,15,1185.58267052772,1,1,8.24753845351912,0
hilly,high,25212,6,3341.25,13.2618999424533,2.21031665707554,87.0824053452116,15,1164.43908204589,1,1,8.23032044214856,0
hilly,high,25212,7,3498.75,13.2477380969168,1.89253401384526,86.3028953229399,15,1269.98916707511,1,1,8.32412540615056,0
hilly,high,25212,8,3675,14.1368719248099,1.76710899060123,85.6904231625835,16,1316.23877452889,1,1,8.42815357601154,0
hilly,high,25212,9,4063.75,15.014754296753,1.66830603297255,85.913140311804,17,1407.83474657392,1,1,8.58911253255034,0
hilly,high,25212,10,3648.75,15.0211724405835,1.50211724405835,86.5256124721604,17,1345.85291283352,1,1,8.49624154880893,0
hilly,high,25212,11,4063.75,15.9006130599474,1.44551027817704,85.467706013363,18,1470.4420999073,1,1,8.684174272659,0
hilly,high,25212,12,4213.75,16.784348112509,1.39869567604242,87.4164810690423,19,1464.15562043318,1,1,8.74690364771173,0
hilly,high,25213,1,6032.5,10.5764766819297,10.5764766819297,86.0908581043186,12,1066.11810653886,0,1,0.416620786379151,0
hilly,high,25213,2,3818.75,11.473587698504,5.73679384925202,86.6517106001122,13,1061.28203582526,0,1,0.170687547288385,0
hilly,high,25213,3,3116.25,12.3621095143548,4.1207031714516,87.3808188446439,14,1066.259779171,0,1,0.139633005112015,1
hilly,high,25213,4,3111.25,12.3853639618688,3.0963409904672,85.0813236118901,14,1048.45350262338,1,1,8.12377022037884,0
hilly,high,25213,5,3426.25,14.1554013663647,2.83108027327293,86.5956253505328,16,1150.66972858154,1,1,8.38270815321386,0
hilly,high,25213,6,3133.75,13.2614435966123,2.21024059943539,86.2030286034773,15,1163.64198473533,1,1,8.29450591584011,0
hilly,high,25213,7,3397.5,13.2517504696541,1.89310720995059,86.2030286034773,15,1200.5954532977,0,1,0.364611317175693,0
hilly,high,25213,8,3511.25,14.1422375874282,1.76777969842853,86.5956253505328,16,1255.22172926112,1,1,8.49179044814353,0
hilly,high,25213,9,3681.25,14.1540577863552,1.5726730873728,85.6421761076837,16,1324.12435090487,1,1,8.58061970653454,0
hilly,high,25213,10,3526.25,14.1502322293718,1.41502322293718,86.315199102636,16,1367.29408295189,1,1,8.59982824220246,0
hilly,high,25213,11,3500,15.0098205666255,1.3645291424205,86.2591138530566,17,1331.72818405412,1,1,8.62094936852107,0
hilly,high,25213,12,3101.25,14.1626158372673,1.18021798643895,85.530005608525,16,1328.17938145411,1,1,8.5058671149485,0
hilly,high,25214,1,5890,10.5792549218563,10.5792549218563,85.6818181818182,12,1102.35954996199,0,1,0.427115973600852,0
hilly,high,25214,2,3781.25,11.4755718960821,5.73778594804104,87.5,13,1097.42024824863,0,1,0.205054350081705,0
hilly,high,25214,3,2927.5,11.5006741454924,3.83355804849746,85.3977272727273,13,1076.93292651582,0,1,0.0821187604782976,1
hilly,high,25214,4,2751.25,12.3797116437252,3.09492791093131,86.3636363636364,14,1066.62584757926,0,1,0.101288174870538,0
hilly,high,25214,5,3303.75,12.3833232186655,2.47666464373309,85.5681818181818,14,1161.1288411181,1,1,8.24361369761885,0
hilly,high,25214,6,3138.75,13.2626089818359,2.21043483030598,87.1590909090909,15,1210.20731598386,1,1,8.30929458974977,0
hilly,high,25214,7,3550,13.2464663634216,1.89235233763166,86.25,15,1289.90986895531,1,1,8.42127691766097,0
hilly,high,25214,8,3576.25,14.1375820400309,1.76719775500386,85.625,16,1300.30964413312,1,1,8.48264534453742,0
hilly,high,25214,9,3438.75,14.1498552829913,1.57220614255459,86.8181818181818,16,1325.17957723413,1,1,8.48468506872657,0
hilly,high,25214,10,3556.25,14.1531528559651,1.41531528559651,86.4772727272727,16,1367.69043043032,1,1,8.53210340482746,0
hilly,high,25214,11,3915,15.9119308956415,1.44653917233105,85.6818181818182,18,1441.27265430261,1,1,8.73260244728409,0
hilly,high,25214,12,3912.5,15.9015569237481,1.32512974364568,87.1022727272727,18,1461.96886098605,1,1,8.74740524121258,0
hilly,high,25215,1,6027.5,10.5781263758506,10.5781263758506,86.8704018109791,12,1064.96448040942,0,1,0.400206515460132,0
hilly,high,25215,2,3817.5,11.4943732050645,5.74718660253224,86.3044708545557,13,1064.63599546874,0,1,0.150581776011148,0
hilly,high,25215,3,3110,12.3785873948815,4.12619579829383,86.0780984719864,14,1088.25301011329,0,1,0.114131433372415,1
hilly,high,25215,4,3017.5,11.4761413889488,2.86903534723721,87.3231465761177,13,1078.5754762712,1,1,8.052152216535,0
hilly,high,25215,5,3058.75,12.3593099411479,2.47186198822958,87.2665534804754,14,1146.88588128775,0,1,0.143251337228572,0
hilly,high,25215,6,3096.25,12.3846941040749,2.06411568401249,85.6819468024901,14,1180.84299742251,1,1,8.17080971647789,0
hilly,high,25215,7,3141.25,12.3819607518227,1.76885153597468,85.7951329937748,14,1230.67930860282,1,1,8.20798934831506,0
hilly,high,25215,8,3542.5,13.2776654461711,1.65970818077138,85.6253537068478,15,1299.86951022311,1,1,8.34808781823833,0
hilly,high,25215,9,3656.25,14.1434432875581,1.57149369861756,86.3044708545557,16,1331.51291371825,1,1,8.42492903239133,0
hilly,high,25215,10,3475,13.278550230519,1.3278550230519,85.0594227504244,15,1409.17738666406,1,1,8.40788132419159,0
hilly,high,25215,11,4367.5,15.9037404616502,1.44579458742275,86.1346915676287,18,1541.81810154819,1,1,8.73671495553214,0
hilly,high,25215,12,4122.5,16.7872353621403,1.39893628017836,86.5874363327674,19,1491.99550469576,1,1,8.71552084554911,0
hilly,high,25216,1,6110,10.5786148903017,10.5786148903017,86.5722379603399,12,1067.46345229534,0,1,0.407387425096791,0
hilly,high,25216,2,4100,12.3621637119405,6.18108185597026,86.742209631728,14,1088.62857578792,0,1,0.23488661607373,0
hilly,high,25216,3,2932.5,11.4933699168108,3.83112330560361,85.3257790368272,13,1055.86735622221,0,1,0.0343862664944262,1
hilly,high,25216,4,3158.75,13.276343277511,3.31908581937774,87.2521246458924,15,1105.30256656912,1,1,8.16138422791995,0
hilly,high,25216,5,3022.5,13.2535703496474,2.65071406992948,86.2889518413598,15,1131.22530161468,0,1,0.159890702714802,0
hilly,high,25216,6,3078.75,13.2634152544826,2.21056920908043,85.7223796033994,15,1162.32669722377,1,1,8.18715531632172,0
hilly,high,25216,7,3963.75,14.140526118402,2.02007515977171,86.2322946175637,16,1290.44507727695,0,1,0.413154126346612,0
hilly,high,25216,8,3871.25,15.0182017944798,1.87727522430997,85.1558073654391,17,1294.0842576448,1,1,8.43682056152186,0
hilly,high,25216,9,4186.25,15.0108689821784,1.66787433135315,85.9490084985836,17,1426.40890968874,1,1,8.56049765891061,0
hilly,high,25216,10,4051.25,15.0283540965567,1.50283540965567,86.4022662889518,17,1424.78738421739,1,1,8.54312743250938,0
hilly,high,25216,11,5102.5,18.5593157900996,1.68721052637269,86.0623229461756,21,1526.77958563359,1,1,8.87317073170732,0
hilly,high,25216,12,4050,16.8126286807706,1.40105239006422,86.5155807365439,19,1442.82320168287,1,1,8.62153209987032,0
hilly,high,25217,1,6530,11.4591441609654,11.4591441609654,87.0267260579065,13,1063.06373257068,0,1,0.4,0
hilly,high,25217,2,3798.75,11.4843825203379,5.74219126016895,87.1380846325167,13,1075.2785843969,0,1,0.106746437611621,0
hilly,high,25217,3,2916.25,11.4837913940509,3.82793046468362,85.467706013363,13,1068.71830586266,0,1,0.00492527071463075,1
hilly,high,25217,4,3335,13.2658103006222,3.31645257515555,85.5233853006682,15,1111.89998514896,0,1,0.17855299518584,0
hilly,high,25217,5,3491.25,13.2597801364455,2.6519560272891,86.2472160356348,15,1165.38096625275,0,1,0.228977409868606,0
hilly,high,25217,6,3088.75,13.275959066981,2.21265984449683,87.1937639198218,15,1156.66000819894,1,1,8.17987794419063,0
hilly,high,25217,7,3443.75,14.1372508298295,2.01960726140422,86.5812917594655,16,1214.27130747238,1,1,8.30368066944496,0
hilly,high,25217,8,3993.75,15.0244513955976,1.87805642444971,86.6926503340757,17,1362.60177188216,1,1,8.50729762369927,0
hilly,high,25217,9,3970,15.0202629223428,1.66891810248253,85.9688195991091,17,1362.35455046174,1,1,8.50427842617525,0
hilly,high,25217,10,4220,15.9172048844054,1.59172048844054,86.804008908686,18,1441.01411353821,1,1,8.63163658879865,0
hilly,high,25217,11,4390,16.7823536400244,1.52566851272949,85.3563474387528,19,1518.12669395191,1,1,8.74738293792465,0
hilly,high,25217,12,4323.75,16.7916714356835,1.39930595297363,85.1893095768374,19,1542.4470943018,1,1,8.75579384296091,0
hilly,high,25218,1,5988.75,10.5763827250527,10.5763827250527,86.4969562811289,12,1082.86503061347,0,1,0.412913398182785,0
hilly,high,25218,2,3518.75,10.5924219577171,5.29621097885854,86.2755949086884,12,1066.75298094145,0,1,0.0490613909558293,1
hilly,high,25218,3,3617.5,14.1362733657584,4.71209112191947,86.1095738793581,16,1094.7428878009,0,1,0.228779082853466,0
hilly,high,25218,4,3210,13.2710002659013,3.31775006647533,85.666851134477,15,1059.68255775697,1,1,8.11398723081543,0
hilly,high,25218,5,3235,12.3706846995691,2.47413693991382,85.5008301051466,14,1145.0439461946,1,1,8.12705007742523,0
hilly,high,25218,6,3375,13.2369441378734,2.20615735631224,85.4454897620365,15,1193.09736382588,1,1,8.21061470685228,0
hilly,high,25218,7,3327.5,13.2676740286705,1.89538200409579,85.0581073602656,15,1257.24986142375,1,1,8.24081207689343,0
hilly,high,25218,8,3466.25,14.1321259604591,1.76651574505739,85.3901494189264,16,1268.28225618526,1,1,8.30349838378676,0
hilly,high,25218,9,3783.75,15.026561343296,1.66961792703288,86.8289983397897,17,1350.74495257332,1,1,8.43297306163644,0
hilly,high,25218,10,4333.75,16.7805856927649,1.67805856927649,86.2755949086884,19,1417.47858998712,1,1,8.62351660276012,0
hilly,high,25218,11,3815,15.9271528787268,1.44792298897516,86.0542335362479,18,1401.63374661402,1,1,8.50391487810907,0
hilly,high,25218,12,4717.5,17.6682758824851,1.47235632354043,85.224128389596,20,1598.25046672319,1,1,8.817004048583,0
hilly,high,25219,1,6025,10.5772135395539,10.5772135395539,85.2957435046987,12,1074.28747521344,0,1,0.401161305442018,0
hilly,high,25219,2,3803.75,11.4718594041749,5.73592970208746,87.3410724156993,13,1072.86551228223,0,1,0.132688062731618,0
hilly,high,25219,3,3113.75,12.3540765782409,4.1180255260803,85.9038142620232,14,1082.53575383415,0,1,0.0831381699247602,1
hilly,high,25219,4,3485,14.1157597009907,3.52893992524767,86.4013266998342,16,1103.40562097045,0,1,0.225789211244418,0
hilly,high,25219,5,3440,14.1376622124507,2.82753244249014,86.8988391376451,16,1157.23250300341,1,1,8.26449372558987,0
hilly,high,25219,6,3200,13.266242061901,2.21104034365016,86.2907683803206,15,1152.06522130854,1,1,8.19039818124569,0
hilly,high,25219,7,3285,13.2444233806991,1.89206048295701,86.0143725815368,15,1252.36498830566,1,1,8.28306710549977,0
hilly,high,25219,8,3927.5,14.1274022679868,1.76592528349835,85.5168601437258,16,1349.18671079499,1,1,8.48780823370252,0
hilly,high,25219,9,3730,14.1380781165482,1.57089756850535,85.1851851851852,16,1399.8703727484,1,1,8.50251711863492,0
hilly,high,25219,10,3787.5,15.0340384102996,1.50340384102996,85.95909342178,17,1430.14722289387,1,1,8.57308344433397,0
hilly,high,25219,11,3877.5,15.9085004861642,1.44622731692402,86.1802100608071,18,1380.83115799723,1,1,8.58220199258205,0
hilly,high,25219,12,4243.75,17.6619413724232,1.47182844770194,86.7882808181316,20,1440.20115364562,1,1,8.75525976814083,0
hilly,high,25220,1,5917.5,10.5754065877673,10.5754065877673,86.5044247787611,12,1100.17181733893,0,1,0.412944718380421,0
hilly,high,25220,2,3492.5,10.5996178400925,5.29980892004625,86.0066371681416,12,1083.12085081326,0,1,0.0829638687392823,0
hilly,high,25220,3,2911.25,11.4777363583049,3.82591211943497,86.4491150442478,13,1073.05933776759,0,1,0.0306042833145636,1
hilly,high,25220,4,3158.75,13.2589511273625,3.31473778184063,85.287610619469,15,1103.05873549869,1,1,8.13827213054733,0
hilly,high,25220,5,3225,14.1662714582629,2.83325429165257,86.4491150442478,16,1123.84892222688,1,1,8.18778681845694,0
hilly,high,25220,6,3925,14.1331132098512,2.35551886830854,86.7256637168142,16,1252.84435007647,0,1,0.341389709358511,0
hilly,high,25220,7,3060,13.2601718287175,1.89431026124535,85.6194690265487,15,1200.77935519191,1,1,8.17183046321706,0
hilly,high,25220,8,3063.75,13.2395203513782,1.65494004392227,85.5088495575221,15,1238.26309635744,1,1,8.18952541396276,0
hilly,high,25220,9,3538.75,15.0216497290134,1.6690721921126,86.1725663716814,17,1299.4115204578,1,1,8.34236649976037,0
hilly,high,25220,10,3576.25,15.0471297980637,1.50471297980637,86.3384955752212,17,1319.0230126208,1,1,8.35758372053829,0
hilly,high,25220,11,5453.75,18.5566080814383,1.68696437103985,85.3982300884956,21,1701.40393610991,1,1,8.90899331524196,0
hilly,high,25220,12,5180,19.4205387667806,1.61837823056505,86.1172566371681,22,1683.40373182689,1,1,8.89327699395778,0
hilly,high,25221,1,5475,9.69062851714478,9.69062851714478,85.1004464285714,11,1083.04198224267,0,1,0.420395362401685,0
hilly,high,25221,2,3850,11.4789904086576,5.73949520432879,86.9419642857143,13,1053.09662951238,0,1,0.246646486037237,0
hilly,high,25221,3,2915,11.4930598756709,3.83101995855696,86.328125,13,1063.32564562496,0,1,0.108310648566602,1
hilly,high,25221,4,3067.5,13.2728947393057,3.31822368482641,85.6026785714286,15,1098.09668105052,1,1,8.25589413513317,0
hilly,high,25221,5,2971.25,12.3774675415503,2.47549350831007,86.6071428571429,14,1119.69698512726,1,1,8.20522029870754,0
hilly,high,25221,6,3166.25,13.2636037090144,2.21060061816907,86.4955357142857,15,1206.93916360369,1,1,8.34493252155288,0
hilly,high,25221,7,3831.25,14.147904523078,2.02112921758257,86.328125,16,1290.93452054111,1,1,8.55576768460984,0
hilly,high,25221,8,3252.5,14.1507343471682,1.76884179339602,87.1651785714286,16,1229.03053770505,1,1,8.42333516730923,0
hilly,high,25221,9,3483.75,14.1594742102598,1.57327491225109,85.9933035714286,16,1292.38460682789,1,1,8.50310896234459,0
hilly,high,25221,10,3492.5,14.1489684865138,1.41489684865138,85.15625,16,1392.18984431781,1,1,8.57186140954398,0
hilly,high,25221,11,3606.25,15.0262224412639,1.36602022193309,86.9419642857143,17,1379.28918328618,1,1,8.6301730147892,0
hilly,high,25221,12,3653.75,15.0196558843113,1.25163799035928,85.1004464285714,17,1493.56959793322,1,1,8.71506047516604,0
ridge,low,26002,1,5926.25,10.57928938063,10.57928938063,87.6473891072431,12,1085.93566305505,0,1,0.411674674393806,0
ridge,low,26002,2,3452.5,10.6008940722633,5.30044703613167,86.0190903986524,12,1102.36745206014,0,1,0.0928253516222168,1
ridge,low,26002,3,3180,12.3879327661553,4.12931092205178,86.0752386299832,14,1067.82913446823,0,1,0.134698349921511,0
ridge,low,26002,4,3885,15.9075149734789,3.97687874336973,86.1875350926446,18,1146.45525572391,0,1,0.477697318116698,0
ridge,low,26002,5,2933.75,13.2743214005125,2.65486428010251,85.906793935991,15,1102.54872871293,1,1,8.17405129347923,0
ridge,low,26002,6,3035,12.3802535709447,2.06337559515745,85.3453116226839,14,1184.53331397097,0,1,0.190132588353236,0
ridge,low,26002,7,3723.75,15.0138504379059,2.1448357768437,86.5244244806289,17,1277.94596982045,1,1,8.49063400590226,0
ridge,low,26002,8,3483.75,13.2706523461143,1.65883154326429,86.0752386299832,15,1323.71912379396,1,1,8.38996753953559,0
ridge,low,26002,9,3618.75,14.1286055986697,1.56984506651886,86.7490174059517,16,1387.79424230924,1,1,8.49760876522108,0
ridge,low,26002,10,3472.5,14.1448455911093,1.41448455911093,86.4121280179674,16,1381.63189772468,1,1,8.47500047201025,0
ridge,low,26002,11,3636.25,15.0123730472431,1.36476118611301,86.0752386299832,17,1434.82887348899,1,1,8.58000945670383,0
ridge,low,26002,12,3971.25,15.910184207416,1.32584868395134,86.4121280179674,18,1533.10622852799,1,1,8.73868003341688,0
ridge,low,26003,1,6045,10.5794873586619,10.5794873586619,85.7548240635641,12,1081.27488938199,0,1,0.400625218307043,0
ridge,low,26003,2,3533.75,10.5822355852304,5.29111779261518,85.5845629965948,12,1080.17921256672,0,1,0.0836007835579331,0
ridge,low,26003,3,2871.25,11.4787363317482,3.82624544391607,85.1872871736663,13,1102.40166180846,0,1,0.046495771248106,1
ridge,low,26003,4,3323.75,14.136790482416,3.53419762060399,86.6061293984109,16,1114.08161525771,0,1,0.210143747349289,0
ridge,low,26003,5,3281.25,14.1419279266291,2.82838558532582,85.6980703745743,16,1156.42099249467,0,1,0.229140314165708,0
ridge,low,26003,6,3270,13.2638898403382,2.21064830672303,86.1520998864926,15,1187.74907288589,1,1,8.2125814304664,0
ridge,low,26003,7,3673.75,14.1256121735183,2.01794459621691,85.7548240635641,16,1310.85368877519,1,1,8.36611791185749,0
ridge,low,26003,8,4040,15.0229751399542,1.87787189249427,86.0953461975028,17,1384.73705876607,1,1,8.48818157326546,0
ridge,low,26003,9,3842.5,15.0408878872812,1.67120976525346,86.6628830874007,17,1367.40445779497,1,1,8.45407309064078,0
ridge,low,26003,10,3726.25,15.0320402533334,1.50320402533334,85.1872871736663,17,1414.44569374427,1,1,8.46593175642548,0
ridge,low,26003,11,3856.25,16.7913594436936,1.52648722215396,86.2088535754824,19,1384.12077837102,1,1,8.53116906440778,0
ridge,low,26003,12,4788.75,18.5574153908962,1.54645128257468,86.1520998864926,21,1605.92044707222,1,1,8.84166994879874,0
ridge,low,26004,1,6366.25,11.4577931474727,11.4577931474727,86.7903316469927,13,1097.56404353826,0,1,0.445526151379986,0
ridge,low,26004,2,3475,10.5990828130688,5.29954140653439,85.2164137155705,12,1084.90577099096,0,1,0.0780382905405264,1
ridge,low,26004,3,3078.75,12.378021283612,4.12600709453732,86.5092748735244,14,1092.12937602773,0,1,0.113749614715554,0
ridge,low,26004,4,3030,13.2918885006989,3.32297212517473,87.9145587408657,15,1083.20315161268,0,1,0.141354143609559,0
ridge,low,26004,5,2786.25,13.2892419997447,2.65784839994894,85.0477796514896,15,1102.11907727234,0,1,0.12603918210182,0
ridge,low,26004,6,3288.75,13.2493763051271,2.20822938418784,86.90275435638,15,1186.65258196684,1,1,8.23426408449659,0
ridge,low,26004,7,3703.75,14.1408230189476,2.02011757413536,86.0595840359753,16,1273.72616556089,0,1,0.373796582927022,0
ridge,low,26004,8,3317.5,13.2573972300282,1.65717465375353,85.2164137155705,15,1289.45109844714,1,1,8.30320323892505,0
ridge,low,26004,9,3562.5,15.0377952206298,1.67086613562553,87.0713884204609,17,1292.9189956229,1,1,8.4082355723241,0
ridge,low,26004,10,4572.5,16.7641540779387,1.67641540779387,85.6661045531197,19,1525.63782087616,1,1,8.74227201108606,0
ridge,low,26004,11,4035,16.8302410034901,1.53002190940819,87.0151770657673,19,1446.70344747284,1,1,8.63480916779202,0
ridge,low,26004,12,4511.25,17.677992715329,1.47316605961075,85.5536818437324,20,1554.8501510453,1,1,8.7927374301676,0
ridge,low,26005,1,5847.5,10.5879027438991,10.5879027438991,85.8909499718943,12,1098.9431151195,0,1,0.416476643635907,0
ridge,low,26005,2,3765,11.4718661326299,5.73593306631495,85.947161326588,13,1070.66639598968,0,1,0.166761939551666,0
ridge,low,26005,3,2853.75,11.4894701699057,3.82982338996858,85.8909499718943,13,1082.67674616532,0,1,0.0560655306720326,1
ridge,low,26005,4,2770,12.3800494692982,3.09501236732456,86.0595840359753,14,1106.5937766707,0,1,0.096832730179514,0
ridge,low,26005,5,2875,12.3724753272263,2.47449506544525,85.2164137155705,14,1150.69108773025,1,1,8.13585459378488,0
ridge,low,26005,6,2916.25,12.3829682096104,2.06382803493506,85.4974704890388,14,1136.96385820529,1,1,8.13366170683275,0
ridge,low,26005,7,3385,13.2533046657243,1.89332923796062,86.5092748735244,15,1253.85594725358,0,1,0.299559056538313,0
ridge,low,26005,8,3367.5,13.2750318759978,1.65937898449972,85.0477796514896,15,1303.66539233691,1,1,8.3272282489902,0
ridge,low,26005,9,3418.75,14.1496717738712,1.57218575265236,87.2962338392355,16,1324.39766105686,0,1,0.383011380630374,0
ridge,low,26005,10,3986.25,15.0094103927636,1.50094103927636,86.2844294547499,17,1466.64046510038,1,1,8.57606668307428,0
ridge,low,26005,11,4783.75,17.6716639350206,1.60651490318369,87.4648679033165,20,1585.51735267722,1,1,8.86173842404549,0
ridge,low,26005,12,3796.25,15.9014645315684,1.32512204429737,85.6661045531197,18,1465.16015002318,1,1,8.58828757885726,0
ridge,low,26006,1,6021.25,10.5812661003387,10.5812661003387,86.9565217391304,12,1083.60509154459,0,1,0.408615645083846,0
ridge,low,26006,2,3843.75,11.4840106847632,5.74200534238161,86.7871259175607,13,1065.68779142535,0,1,0.19333376324954,0
ridge,low,26006,3,3347.5,13.2676528974667,4.42255096582222,85.4319593450028,15,1075.3751662422,0,1,0.227138349824747,0
ridge,low,26006,4,2541.25,10.5887306574966,2.64718266437414,85.0931677018634,12,1072.57534098737,0,1,0.00367261254633605,1
ridge,low,26006,5,3151.25,13.2659386946653,2.65318773893307,86.5047995482778,15,1143.7642308446,1,1,8.23738335394958,0
ridge,low,26006,6,3970,14.1523634011804,2.35872723353007,85.8836815358554,16,1285.2478464913,1,1,8.44235835899288,0
ridge,low,26006,7,3443.75,13.2771726459178,1.89673894941683,86.1660079051383,15,1263.06915060271,1,1,8.32891538628293,0
ridge,low,26006,8,3182.5,13.2541350372518,1.65676687965647,86.3918690005647,15,1253.62825000079,1,1,8.29323374489685,0
ridge,low,26006,9,5408.75,16.7898040284905,1.86553378094339,85.3754940711462,19,1638.15700191425,1,1,8.90487307780652,0
ridge,low,26006,10,3878.75,15.0167101406636,1.50167101406636,85.7707509881423,17,1433.08129755875,1,1,8.54472220107497,0
ridge,low,26006,11,3460,15.0471931039983,1.36792664581803,85.0931677018634,17,1392.35090118485,1,1,8.47847750672368,0
ridge,low,26006,12,4526.25,16.7725449761618,1.39771208134682,86.0530773574252,19,1689.57491577431,1,1,8.82732695254856,0
ridge,low,26007,1,5538.75,9.69550678791118,9.69550678791118,86.241610738255,11,1035.97059173827,0,1,0.4,0
ridge,low,26007,2,3757.5,11.5000933684994,5.75004668424969,85.6823266219239,13,1070.03404572031,0,1,0.251354565416894,0
ridge,low,26007,3,3328.75,13.2506869787961,4.41689565959871,85.6823266219239,15,1063.30746455005,0,1,0.269437192719994,0
ridge,low,26007,4,3265,13.2499030978045,3.31247577445114,85.2348993288591,15,1096.33555469965,0,1,0.281893778709075,0
ridge,low,26007,5,2781.25,12.3627654551128,2.47255309102256,85.4026845637584,14,1106.06117294367,0,1,0.175198514625467,1
ridge,low,26007,6,3941.25,14.138915708029,2.35648595133817,85.4586129753915,16,1242.41009665027,1,1,8.51916511014116,0
ridge,low,26007,7,3391.25,13.2644518670814,1.89492169529734,85.2908277404922,15,1241.41925612107,1,1,8.39641840499745,0
ridge,low,26007,8,3597.5,14.1374782031377,1.76718477539222,86.0738255033557,16,1275.84571970123,1,1,8.49124184360625,0
ridge,low,26007,9,3303.75,14.1317742327375,1.57019713697083,86.8568232662192,16,1278.34841708953,1,1,8.45000228673351,0
ridge,low,26007,10,4443.75,15.8956140748781,1.58956140748781,85.0671140939597,18,1491.69762162044,1,1,8.84116047144152,0
ridge,low,26007,11,3662.5,15.0356840598415,1.3668803690765,85.2908277404922,17,1405.03629993821,1,1,8.62917620785962,0
ridge,low,26007,12,3607.5,15.0361525172879,1.25301270977399,85.5145413870246,17,1463.48151676633,1,1,8.65969446530184,0
ridge,low,26008,1,6003.75,10.5829073549338,10.5829073549338,85.9453430005577,12,1058.6404959417,0,1,0.406517393078837,0
ridge,low,26008,2,3465,10.5968019935166,5.29840099675832,85.2203011712214,12,1075.13919506103,0,1,0.0654894554005482,1
ridge,low,26008,3,3365,13.2911133581445,4.43037111938149,85.8895705521472,15,1048.49902522357,0,1,0.163939605597596,0
ridge,low,26008,4,3121.25,12.3779606715047,3.09449016787618,85.8337981037368,14,1079.97645932594,1,1,8.10647160388069,0
ridge,low,26008,5,3236.25,14.1371744827473,2.82743489654946,86.5588399330731,16,1099.40831036261,0,1,0.219438614313296,0
ridge,low,26008,6,3963.75,14.1431447400293,2.35719079000489,86.670384829894,16,1261.33539218004,1,1,8.42474155681786,0
ridge,low,26008,7,4141.25,15.0189096605219,2.1455585229317,86.781929726715,17,1279.97201726791,1,1,8.50342555411592,0
ridge,low,26008,8,3217.5,13.2595191441372,1.65743989301715,86.3915225878416,15,1279.927386237,0,1,0.290680238856078,0
ridge,low,26008,9,3867.5,15.917136413694,1.76857071263267,86.0011154489682,18,1323.83687861335,1,1,8.53678233673163,0
ridge,low,26008,10,4263.75,15.8982833037138,1.58982833037138,86.781929726715,18,1469.6112022364,1,1,8.68454507353116,0
ridge,low,26008,11,4230,16.8270993787322,1.52973630715747,87.0050195203569,19,1465.87504264113,1,1,8.72208524476733,0
ridge,low,26008,12,4250,16.8008131824458,1.40006776520381,85.8337981037368,19,1515.31776373365,1,1,8.7553719545532,0
ridge,low,26009,1,6331.25,11.4609245365392,11.4609245365392,86.1950941243582,13,1107.40289237794,0,1,0.45747127811943,0
ridge,low,26009,2,3500,10.5873871913004,5.29369359565018,86.3091842555619,12,1082.81854654052,0,1,0.0225,1
ridge,low,26009,3,3331.25,13.2535154386408,4.41783847954695,86.2521391899601,15,1087.20922959561,0,1,0.131251962241883,0
ridge,low,26009,4,3360,13.2634887117221,3.31587217793052,85.4535082715345,15,1116.53659967105,0,1,0.153897425569427,0
ridge,low,26009,5,3442.5,13.2278793538702,2.64557587077404,87.3359954363948,15,1158.36523612653,1,1,8.18932653412786,0
ridge,low,26009,6,3728.75,14.1292883982071,2.35488139970119,85.6816885339418,16,1255.66948882503,1,1,8.33176232961301,0
ridge,low,26009,7,3845,14.1474514847883,2.0210644978269,85.5105533371363,16,1338.94844049808,1,1,8.40019227990478,0
ridge,low,26009,8,3655,13.250050108228,1.65625626352849,86.6514546491728,15,1363.50992860573,1,1,8.34695660271948,0
ridge,low,26009,9,3610,14.1331054233572,1.57034504703969,85.1682829435254,16,1370.11115682066,1,1,8.38764608819923,0
ridge,low,26009,10,4036.25,16.7918685655089,1.67918685655089,87.3359954363948,19,1372.8167765156,1,1,8.57432311665804,0
ridge,low,26009,11,3521.25,15.0411176455581,1.36737433141437,85.1682829435254,17,1387.73216098305,1,1,8.43059320512406,0
ridge,low,26009,12,4223.75,16.8114471583313,1.40095392986094,85.7387335995436,19,1562.77111483186,1,1,8.719,0
ridge,low,26010,1,5492.5,9.69644025008049,9.69644025008049,85.7795545402627,11,1065.71475212116,0,1,0.408560399381956,0
ridge,low,26010,2,3776.25,11.478314835283,5.73915741764149,85.208452312964,13,1057.81354848171,0,1,0.215127369819773,0
ridge,low,26010,3,3440,13.2571031463848,4.41903438212825,86.1222158766419,15,1056.16233055539,0,1,0.237350904571586,0
ridge,low,26010,4,3187.5,13.2578357074663,3.31445892686657,86.7504283266705,15,1103.88532365743,0,1,0.241690824804296,0
ridge,low,26010,5,2866.25,12.3846628246081,2.47693256492163,85.665334094803,14,1079.90675017115,0,1,0.134498051472619,1
ridge,low,26010,6,3356.25,14.1207514197666,2.35345856996111,87.2073101085094,16,1130.77426746968,1,1,8.32783269095044,0
ridge,low,26010,7,3332.5,13.2615889162597,1.89451270232281,85.6082238720731,15,1233.71474877585,1,1,8.3802802155109,0
ridge,low,26010,8,3991.25,15.0354409148715,1.87943011435893,86.521987435751,17,1344.21804786108,1,1,8.65434996350969,0
ridge,low,26010,9,3443.75,14.1589278292134,1.57321420324593,86.2364363221017,16,1287.17837681875,1,1,8.4829290387777,0
ridge,low,26010,10,4030,15.8894980499602,1.58894980499602,86.8646487721302,18,1385.82579743704,1,1,8.73350889184169,0
ridge,low,26010,11,3995,16.8127771381372,1.5284342852852,87.6070816676185,19,1359.7938703876,1,1,8.74373521175283,0
ridge,low,26010,12,3832.5,16.8194781370044,1.4016231780837,86.3506567675614,19,1390.92784111941,1,1,8.74716801523084,0
ridge,low,26011,1,5960,10.5779251574615,10.5779251574615,86.6817155756208,12,1082.02806970778,0,1,0.444307228941724,0
ridge,low,26011,2,3228.75,9.71556012089745,4.85778006044873,85.0451467268623,11,1068.17007949926,0,1,0.0638461538461538,1
ridge,low,26011,3,2881.25,11.5019010595077,3.83396701983591,86.568848758465,13,1075.40045000311,0,1,0.100794044412586,0
ridge,low,26011,4,3031.25,12.3761349669639,3.09403374174098,86.3995485327314,14,1079.94731646899,0,1,0.158835457030838,0
ridge,low,26011,5,2710,12.3852154506938,2.47704309013876,86.568848758465,14,1109.36615771372,1,1,8.13620605010221,0
ridge,low,26011,6,3196.25,13.2583337124929,2.20972228541548,86.7381489841986,15,1170.51894107819,1,1,8.26738020031088,0
ridge,low,26011,7,3007.5,12.3758569681665,1.76797956688092,85.1015801354402,14,1225.89221060324,1,1,8.23787741225417,0
ridge,low,26011,8,3433.75,13.2712661245363,1.65890826556704,86.7945823927765,15,1304.05818813096,1,1,8.37216727994379,0
ridge,low,26011,9,3326.25,14.159864994645,1.57331833273833,86.2866817155756,16,1270.13535962868,1,1,8.37751646423137,0
ridge,low,26011,10,3676.25,14.1423444443432,1.41423444443432,86.568848758465,16,1412.4621464275,1,1,8.49979587588338,0
ridge,low,26011,11,3985,15.9038820514573,1.44580745922339,85.2708803611738,18,1476.40096551436,1,1,8.64831548057643,0
ridge,low,26011,12,4258.75,16.7989822698419,1.39991518915349,86.7381489841986,19,1602.26588466264,1,1,8.79061538461538,0
ridge,low,26012,1,6065,10.5787381373304,10.5787381373304,87.5212705615428,12,1050.01679876396,0,1,0.4,0
ridge,low,26012,2,3780,11.4724269284244,5.73621346421222,86.7271695972774,13,1080.58827137473,0,1,0.142162748930026,1
ridge,low,26012,3,3327.5,13.2427453000878,4.41424843336259,86.8406125921724,15,1097.66686435767,0,1,0.188146816144766,0
ridge,low,26012,4,3650,15.9107424730732,3.97768561826831,85.5360181508792,18,1106.17559045068,1,1,8.39034932198786,0
ridge,low,26012,5,3331.25,13.2642864102046,2.65285728204093,87.4645490640953,15,1160.57806443652,1,1,8.23210327425886,0
ridge,low,26012,6,3637.5,13.2504223412522,2.20840372354204,85.8196256381168,15,1258.96231464521,1,1,8.34137106478604,0
ridge,low,26012,7,3623.75,13.2591311728814,1.89416159612591,85.5927396483267,15,1277.76582989277,1,1,8.3524982167594,0
ridge,low,26012,8,3870,15.0265669951869,1.87832087439837,85.0822461712989,17,1315.77667957932,1,1,8.51285727396565,0
ridge,low,26012,9,3283.75,13.2771672261083,1.47524080290093,85.3091321610891,15,1354.14172618976,1,1,8.35585230467168,0
ridge,low,26012,10,3912.5,15.0222384072346,1.50222384072346,85.1389676687465,17,1497.19832131612,1,1,8.64043615552614,0
ridge,low,26012,11,3585,15.0446845060726,1.36769859146114,85.6494611457743,17,1422.73989255457,1,1,8.54464612481906,0
ridge,low,26012,12,3481.25,15.0398381515364,1.25331984596136,86.3868406125922,17,1406.46597748413,1,1,8.51853444402255,0
ridge,low,26013,1,5902.5,10.5780867317956,10.5780867317956,85.7224118316268,12,1092.10997699802,0,1,0.410550095533281,0
ridge,low,26013,2,3753.75,11.48671845553,5.74335922776498,85.2673492605233,13,1079.5574220485,0,1,0.162316404938327,0
ridge,low,26013,3,2878.75,11.4852461916484,3.82841539721614,85.3242320819113,13,1075.07538779719,0,1,0.0437192662635814,1
ridge,low,26013,4,2978.75,13.263440822508,3.31586020562699,85.2104664391354,15,1079.94519343892,0,1,0.145661481532628,0
ridge,low,26013,5,3376.25,14.1526620318862,2.83053240637725,87.3151308304892,16,1152.93950295755,0,1,0.286307788882804,0
ridge,low,26013,6,3730,14.1471679153694,2.35786131922823,87.0875995449374,16,1225.111131537,1,1,8.3775375278429,0
ridge,low,26013,7,4708.75,15.8976300682225,2.27109000974607,87.8839590443686,18,1366.39081645272,1,1,8.67887283664173,0
ridge,low,26013,8,4138.75,15.0204669555717,1.87755836944646,85.9499431171786,17,1356.15221006893,1,1,8.55485502856211,0
ridge,low,26013,9,4170,15.0227328456572,1.66919253840636,85.3811149032992,17,1433.67579312942,1,1,8.60711113881558,0
ridge,low,26013,10,3985,15.911875161118,1.5911875161118,87.485779294653,18,1396.02885707611,1,1,8.60217315458,0
ridge,low,26013,11,3815,15.9015601369311,1.44559637608464,85.6655290102389,18,1389.95643142353,1,1,8.57542654694094,0
ridge,low,26013,12,4277.5,16.8029816400288,1.4002484700024,85.4948805460751,19,1559.46690293816,1,1,8.78503513848698,0
ridge,low,26014,1,5975,10.5802041012512,10.5802041012512,85.9410430839002,12,1082.60009916551,0,1,0.404452540502306,0
ridge,low,26014,2,3805,11.4794762025859,5.73973810129295,87.0181405895692,13,1076.5731988896,0,1,0.155698474962303,0
ridge,low,26014,3,3125,12.3622436526336,4.12074788421119,85.3741496598639,14,1081.81506001228,0,1,0.116888121184368,1
ridge,low,26014,4,3032.5,12.3687143457416,3.09217858643539,86.4512471655329,14,1111.75463924757,0,1,0.126797186072106,0
ridge,low,26014,5,3666.25,12.3769038245973,2.47538076491945,85.8843537414966,14,1240.35616742405,0,1,0.308417964214231,0
ridge,low,26014,6,3412.5,13.2389246141868,2.20648743569779,86.734693877551,15,1234.4020545189,0,1,0.318110852566789,0
ridge,low,26014,7,3308.75,12.3746002148664,1.7678000306952,85.827664399093,14,1299.16073700911,1,1,8.30313350908439,0
ridge,low,26014,8,4010,14.1543421114108,1.76929276392634,85.0907029478458,16,1423.82713665767,1,1,8.59087309394199,0
ridge,low,26014,9,3460,14.1493642035309,1.5721515781701,85.4875283446712,16,1343.570788753,1,1,8.45653455551977,0
ridge,low,26014,10,3631.25,14.1330547814089,1.41330547814089,86.281179138322,16,1436.64506642176,1,1,8.54765604663041,0
ridge,low,26014,11,3660,15.0266318285282,1.36605743895711,85.3174603174603,17,1426.85254272065,1,1,8.59469452818903,0
ridge,low,26014,12,3866.25,15.9028388288039,1.325236569067,85.4875283446712,18,1482.64925408496,1,1,8.71333899745115,0
ridge,low,26015,1,6401.25,11.4670029395424,11.4670029395424,87.3138444567016,13,1107.13495826939,0,1,0.406409043179077,0
ridge,low,26015,2,4078.75,12.3508236268191,6.17541181340956,87.0380584666299,14,1091.83630120171,0,1,0.151174152344153,0
ridge,low,26015,3,3107.5,12.3826901806301,4.12756339354338,85.7694429123001,14,1096.54688009185,0,1,0.0363947717338679,1
ridge,low,26015,4,3445,12.3700737750767,3.09251844376917,85.438499724214,14,1177.41864496072,0,1,0.1107867144506,0
ridge,low,26015,5,5151.25,13.2431874452408,2.64863748904817,85.5488141202427,15,1434.30129155339,1,1,8.45843380111151,0
ridge,low,26015,6,4030,13.2484527550353,2.20807545917255,86.3761720904578,15,1342.66448632578,0,1,0.284075477475657,0
ridge,low,26015,7,5445,15.9031361202533,2.27187658860761,85.273028130171,18,1531.02772125363,1,1,8.63461836457691,0
ridge,low,26015,8,3871.25,14.1383389476243,1.76729236845303,87.0932156646442,16,1405.08690681332,1,1,8.32439856508044,0
ridge,low,26015,9,4491.25,15.895602774015,1.76617808600167,86.0452289023718,18,1496.32323194134,1,1,8.50397105442864,0
ridge,low,26015,10,4748.75,16.7824683875907,1.67824683875907,85.2178709321566,19,1579.79085186319,1,1,8.60354731426173,0
ridge,low,26015,11,4933.75,17.6761630148866,1.60692391044424,85.4936569222284,20,1615.8102489079,1,1,8.67469831583229,0
ridge,low,26015,12,5602.5,19.4476883066775,1.62064069222312,86.5968008825152,22,1807.94898636631,1,1,8.90299810246679,0
ridge,low,26016,1,5886.25,10.5858733902746,10.5858733902746,86.0908581043186,12,1089.30041505542,0,1,0.419479821381213,0
ridge,low,26016,2,3722.5,11.4723420875647,5.73617104378234,85.9786876051598,13,1098.21623271421,0,1,0.15797584270226,0
ridge,low,26016,3,3110,12.3861918247744,4.12873060825814,85.698261357263,14,1067.60627684109,0,1,0.0884130316298959,1
ridge,low,26016,4,3115,13.2400684065285,3.31001710163212,85.7543466068424,15,1065.88661942839,0,1,0.128957717906199,0
ridge,low,26016,5,3860,13.2551490442063,2.65102980884126,86.8760515984296,15,1198.04412886169,1,1,8.34697784547004,0
ridge,low,26016,6,3233.75,13.2727671817391,2.21212786362318,85.9786876051598,15,1162.5115419169,1,1,8.22803701932163,0
ridge,low,26016,7,3668.75,13.2546922568951,1.89352746527074,85.9786876051598,15,1273.69046853072,1,1,8.38233689993865,0
ridge,low,26016,8,4443.75,15.008033705786,1.87600421322325,86.3712843522154,17,1426.47199393728,1,1,8.70582218263306,0
ridge,low,26016,9,4230,15.9134792386257,1.7681643598473,85.5860908581043,18,1414.05996971505,1,1,8.70844524542058,0
ridge,low,26016,10,3811.25,15.0342995381325,1.50342995381325,85.5860908581043,17,1395.73592238059,1,1,8.59038928149558,0
ridge,low,26016,11,3977.5,16.7951305269116,1.52683004790106,86.8760515984296,19,1398.24703501772,1,1,8.70150612838854,0
ridge,low,26016,12,3435,15.9274156397799,1.32728463664832,85.8665171060011,18,1321.82311378334,1,1,8.51783631794145,0
ridge,low,26017,1,5871.25,10.584099517952,10.584099517952,85.8108108108108,12,1068.11074305212,0,1,0.403123371660447,0
ridge,low,26017,2,3682.5,11.4780314618013,5.73901573090065,86.5427927927928,13,1093.98505515032,0,1,0.141288989420873,0
ridge,low,26017,3,3086.25,12.3755447927528,4.12518159758428,86.7117117117117,14,1062.60298145974,1,1,8.07586231695924,0
ridge,low,26017,4,3206.25,12.3651710871337,3.09129277178343,87.1621621621622,14,1087.97096442294,0,1,0.107044025202852,1
ridge,low,26017,5,3196.25,13.2532050064488,2.65064100128976,86.5427927927928,15,1149.18048617621,1,1,8.17792435530067,0
ridge,low,26017,6,4047.5,14.1367303635883,2.35612172726472,85.5292792792793,16,1240.38955317348,1,1,8.38932445225785,0
ridge,low,26017,7,4807.5,15.8995863757077,2.27136948224395,86.204954954955,18,1363.47557206554,1,1,8.64293258872987,0
ridge,low,26017,8,5130,15.882065192576,1.985258149072,86.204954954955,18,1514.14282905628,1,1,8.7739514031493,0
ridge,low,26017,9,4938.75,16.7860524780932,1.86511694201035,85.1914414414414,19,1526.17231463388,1,1,8.79158570959828,0
ridge,low,26017,10,4238.75,15.8987803339783,1.58987803339783,85.3603603603604,18,1449.91695074549,1,1,8.61023049433558,0
ridge,low,26017,11,4372.5,16.8033391298352,1.52757628453047,85.4166666666667,19,1507.9844953493,1,1,8.70067515316158,0
ridge,low,26017,12,4616.25,17.6684281277544,1.4723690106462,85.6981981981982,20,1591.62375047012,1,1,8.8197486535009,0
ridge,low,26018,1,5901.25,10.5785665720992,10.5785665720992,86.4017907106883,12,1118.09470582165,0,1,0.414905816913393,0
ridge,low,26018,2,3812.5,11.4812336149346,5.7406168074673,86.6815892557359,13,1098.2946699129,0,1,0.161833291184391,0
ridge,low,26018,3,3327.5,13.2502651596516,4.41675505321721,86.1219921656407,15,1092.22840387866,0,1,0.16818443951079,0
ridge,low,26018,4,2918.75,13.258036282135,3.31450907053376,86.9054280917739,15,1091.5197950547,0,1,0.113295785806193,1
ridge,low,26018,5,3135,13.267010713134,2.6534021426268,86.5137101287073,15,1152.4788095756,1,1,8.17686956088713,0
ridge,low,26018,6,3760,13.2566070686173,2.20943451143622,85.5623950755456,15,1307.78358632753,1,1,8.34736211516465,0
ridge,low,26018,7,3575,13.2501653624281,1.89288076606115,85.282596530498,15,1325.6288966932,1,1,8.33228774187594,0
ridge,low,26018,8,3567.5,14.1302873644387,1.76628592055484,87.1852266368215,16,1306.20118776638,1,1,8.35759903174744,0
ridge,low,26018,9,4167.5,15.0144818490831,1.66827576100923,86.2898712926693,17,1483.90333487927,1,1,8.57512755185567,0
ridge,low,26018,10,3532.5,14.1409956442249,1.41409956442249,85.5623950755456,16,1424.78591656819,1,1,8.4198717092778,0
ridge,low,26018,11,4687.5,17.6736311174462,1.60669373794965,85.9541130386122,20,1602.70140669115,1,1,8.82393789363442,0
ridge,low,26018,12,4276.25,16.8062004491862,1.40051670409885,85.2266368214885,19,1626.3763062011,1,1,8.74538453264105,0
ridge,low,26019,1,5481.25,9.69530447278066,9.69530447278066,85.5567805953693,11,1075.37197568376,0,1,0.4,0
ridge,low,26019,2,3455,10.5978318461887,5.29891592309434,86.2734288864388,12,1104.49472999918,0,1,0.166836036839763,0
ridge,low,26019,3,2907.5,11.4959091020272,3.83196970067574,85.5016538037486,13,1075.64592989388,0,1,0.109183634009144,1
ridge,low,26019,4,2757.5,12.3938165603513,3.09845414008783,85.4465270121279,14,1104.778692766,0,1,0.151342946379767,0
ridge,low,26019,5,2903.75,13.2455198635528,2.64910397271056,86.8246968026461,15,1110.79278060782,0,1,0.218252099212725,0
ridge,low,26019,6,3370,13.2670523751176,2.21117539585293,85.9426681367144,15,1202.86020155171,1,1,8.35357244728187,0
ridge,low,26019,7,2965,13.2659894026977,1.89514134324252,85.2811466372657,15,1240.74287556373,1,1,8.32112236056788,0
ridge,low,26019,8,3097.5,13.2545735137674,1.65682168922092,86.1080485115766,15,1247.36960098193,1,1,8.34476620521208,0
ridge,low,26019,9,3333.75,14.1521422866958,1.57246025407732,85.832414553473,16,1323.34946073347,1,1,8.47711816187207,0
ridge,low,26019,10,3716.25,15.0263493123111,1.50263493123111,85.7221609702315,17,1413.66770394439,1,1,8.64006851750712,0
ridge,low,26019,11,3730,15.9071875833364,1.44610796212149,86.3285556780595,18,1415.35874345086,1,1,8.6858362006313,0
ridge,low,26019,12,3941.25,15.9003430475645,1.32502858729705,86.6593164277839,18,1495.07695573151,1,1,8.77351065789948,0
ridge,low,26020,1,5870,10.5827180784028,10.5827180784028,86.8770764119601,12,1100.91949049671,0,1,0.431373843874191,0
ridge,low,26020,2,3420,10.5977096092198,5.29885480460988,85.3266888150609,12,1113.65044049666,0,1,0.148234910588172,0
ridge,low,26020,3,2871.25,11.4996578360264,3.83321927867546,85.6035437430786,13,1101.69700619943,0,1,0.116339629762455,0
ridge,low,26020,4,2536.25,11.5113394921236,2.87783487303091,86.655592469546,13,1061.3825721608,0,1,0.0447163382124457,1
ridge,low,26020,5,2695,12.4039359438725,2.48078718877449,85.9357696566999,14,1096.92579182509,1,1,8.13495028149386,0
ridge,low,26020,6,2920,12.3899265486272,2.06498775810453,85.8803986710963,14,1183.39246815147,1,1,8.22988645494148,0
ridge,low,26020,7,3096.25,13.260315122021,1.89433073171728,85.7142857142857,15,1235.78175610248,1,1,8.33451865821902,0
ridge,low,26020,8,3262.5,14.1543262949216,1.76929078686521,85.6035437430786,16,1273.76230698828,1,1,8.42765471515359,0
ridge,low,26020,9,2860,12.3853205377554,1.37614672641727,85.2159468438538,14,1268.64798111826,0,1,0.290118610465317,0
ridge,low,26020,10,3230,13.2493418010414,1.32493418010414,85.1052048726467,15,1373.39184962727,1,1,8.45923637984835,0
ridge,low,26020,11,3516.25,15.0418104221953,1.36743731110866,85.9357696566999,17,1393.42426677772,1,1,8.59579204189139,0
ridge,low,26020,12,3830,16.8127994145063,1.40106661787553,87.984496124031,19,1439.43875005015,1,1,8.75523059617548,0
ridge,low,26021,1,5962.5,10.5771661895381,10.5771661895381,86.0438942037141,12,1093.25154298093,0,1,0.401592470059585,0
ridge,low,26021,2,3482.5,10.5781594211939,5.28907971059695,86.1001688238604,12,1091.12434071548,0,1,0.0815967620941033,1
ridge,low,26021,3,3081.25,12.3779010363521,4.12596701211736,85.481148002251,14,1111.2657265395,0,1,0.146316473090852,0
ridge,low,26021,4,2847.5,12.3933720320984,3.09834300802459,87.5070343275183,14,1117.40937070781,1,1,8.12176933691252,0
ridge,low,26021,5,3210,14.1565565133396,2.83131130266792,86.1001688238604,16,1135.54565840348,1,1,8.28100688990117,0
ridge,low,26021,6,3846.25,13.2611164645291,2.21018607742152,86.6066404051773,15,1278.80038395451,0,1,0.419617854992159,0
ridge,low,26021,7,3483.75,14.1579194770755,2.02255992529651,86.4940911648846,16,1286.47030102903,1,1,8.42922147483973,0
ridge,low,26021,8,3840,15.0214399934533,1.87767999918166,85.0309510410805,17,1306.94760508894,1,1,8.53883746781072,0
ridge,low,26021,9,3708.75,15.0349428194254,1.67054920215838,86.4378165447383,17,1369.37794079679,1,1,8.56947926269709,0
ridge,low,26021,10,3632.5,15.0107648854299,1.50107648854299,86.0438942037141,17,1391.21599513097,1,1,8.57467729497136,0
ridge,low,26021,11,3507.5,15.0242218590239,1.36583835082035,85.7062464828362,17,1407.5417514786,1,1,8.57160418592136,0
ridge,low,26021,12,3900,15.9141453437306,1.32617877864422,85.481148002251,18,1491.86071613102,1,1,8.73515248796148,0
ridge,medium,26102,1,5936.25,10.5815583968804,10.5815583968804,86.9492470719465,12,1095.35681767237,0,1,0.4,0
ridge,medium,26102,2,3996.25,12.3698993684495,6.18494968422477,86.4472950362521,14,1118.23143312764,0,1,0.229673827236928,0
ridge,medium,26102,3,3096.25,12.3771610836353,4.12572036121178,88.1204684885666,14,1101.23445768767,0,1,0.0907781654069768,1
ridge,medium,26102,4,3147.5,13.267128980298,3.31678224507451,86.893474623536,15,1143.55484732104,1,1,8.17193524606205,0
ridge,medium,26102,5,3938.75,13.2456868196995,2.6491373639399,85.5549358616843,15,1242.68296567941,0,1,0.355158851518237,0
ridge,medium,26102,6,4913.75,15.0111102590786,2.50185170984643,86.0568878973787,17,1427.61840491778,0,1,0.71333081839414,0
ridge,medium,26102,7,4082.5,14.1399017525426,2.01998596464895,86.1684327941997,16,1374.40629637502,1,1,8.51521759816498,0
ridge,medium,26102,8,3268.75,13.2939900901762,1.66174876127202,86.5588399330731,15,1308.79171932076,1,1,8.31167728147838,0
ridge,medium,26102,9,3741.25,15.0372496974094,1.67080552193438,86.2242052426102,17,1397.94333360674,1,1,8.52765144358886,0
ridge,medium,26102,10,3596.25,14.1447417739323,1.41447417739323,85.1087562744004,16,1448.7207735194,1,1,8.5015508280311,0
ridge,medium,26102,11,4138.75,16.8119004339855,1.52835458490777,85.6107083100948,19,1459.54080898486,1,1,8.71433445722548,0
ridge,medium,26102,12,4072.5,16.7915889328149,1.39929907773458,85.05298382599,19,1503.78216205655,1,1,8.73652197177701,0
ridge,medium,26103,1,6081.25,10.5719027511467,10.5719027511467,86,12,1061.28016594465,0,1,0.4,0
ridge,medium,26103,2,3517.5,10.5966690684611,5.29833453423056,85.2777777777778,12,1083.47209305282,0,1,0.0960730108335624,0
ridge,medium,26103,3,3118.75,12.3597260491062,4.1199086830354,85.5555555555556,14,1085.57851534976,0,1,0.132826484402167,0
ridge,medium,26103,4,2857.5,11.4937821459514,2.87344553648785,85.2222222222222,13,1117.15919103279,0,1,0.0771446452603818,1
ridge,medium,26103,5,3332.5,14.1386742278376,2.82773484556753,86.8888888888889,16,1152.98351448956,0,1,0.284557545426059,0
ridge,medium,26103,6,3728.75,13.2387609148414,2.20646015247356,87.4444444444444,15,1246.68728333723,1,1,8.34517475613181,0
ridge,medium,26103,7,4007.5,14.1354677702713,2.01935253861018,86.5555555555556,16,1350.94116045804,1,1,8.48400205832796,0
ridge,medium,26103,8,3246.25,13.2726717580149,1.65908396975186,86.5555555555556,15,1285.54340747493,1,1,8.30968021712816,0
ridge,medium,26103,9,4181.25,15.0118290898316,1.66798100998129,86.0555555555556,17,1467.42643776883,1,1,8.6159780630165,0
ridge,medium,26103,10,4757.5,16.7946524826108,1.67946524826108,85.8333333333333,19,1573.92147851954,1,1,8.83575029081039,0
ridge,medium,26103,11,4085,15.9040414041503,1.44582194583185,85.2222222222222,18,1492.98589343899,1,1,8.66200669073683,0
ridge,medium,26103,12,4105,15.9040638193856,1.32533865161547,85.4444444444444,18,1567.46984154583,1,1,8.70807769456162,0
ridge,medium,26104,1,5986.25,10.5807463187075,10.5807463187075,85.095613048369,12,1093.84682369672,0,1,0.404121295463563,0
ridge,medium,26104,2,3790,11.4703933952331,5.73519669761655,85.8830146231721,13,1087.845034997,0,1,0.184998886647851,0
ridge,medium,26104,3,2671.25,10.6239252055283,3.54130840184278,85.2080989876265,12,1094.25965623839,0,1,0.00683183288767571,1
ridge,medium,26104,4,3122.5,14.1388698827416,3.53471747068541,85.6580427446569,16,1112.35565727465,0,1,0.271279963608789,0
ridge,medium,26104,5,3286.25,14.1480172229455,2.82960344458909,85.5455568053993,16,1129.08950983518,1,1,8.30304356796815,0
ridge,medium,26104,6,3026.25,13.2513657167859,2.20856095279765,85.6580427446569,15,1182.26278225062,1,1,8.25778378611787,0
ridge,medium,26104,7,2897.5,12.3814975307997,1.76878536154282,85.2643419572553,14,1247.43740574259,1,1,8.2381076418391,0
ridge,medium,26104,8,3618.75,14.1332057200579,1.76665071500723,85.9955005624297,16,1325.25934944507,1,1,8.47703717466461,0
ridge,medium,26104,9,3612.5,14.1215203301629,1.56905781446255,86.5579302587177,16,1377.58255472825,1,1,8.51155538642143,0
ridge,medium,26104,10,2938.75,13.2829908617765,1.32829908617764,86.5016872890889,15,1303.12053018126,1,1,8.3319936841779,0
ridge,medium,26104,11,3765,15.0460131093502,1.36781937357729,85.7705286839145,17,1503.42360876755,1,1,8.66833393988714,0
ridge,medium,26104,12,3881.25,15.9179426144578,1.32649521787148,86.3329583802025,18,1524.73111264742,1,1,8.74600301659125,0
ridge,medium,26105,1,5911.25,10.5816221426502,10.5816221426502,85.5188141391106,12,1071.69564361859,0,1,0.4,0
ridge,medium,26105,2,3757.5,11.4777857303156,5.73889286515782,86.6020524515393,13,1075.38152277809,0,1,0.162312703297684,0
ridge,medium,26105,3,2871.25,11.4911003166056,3.83036677220186,85.4047890535918,13,1078.26892848146,0,1,0.0483524075101411,1
ridge,medium,26105,4,2903.75,12.3691342315173,3.09228355787932,86.0889395667047,14,1085.89560030967,1,1,8.10020119778172,0
ridge,medium,26105,5,3090,14.1581657194017,2.83163314388034,86.4880273660205,16,1116.80101388535,1,1,8.23233888830434,0
ridge,medium,26105,6,3382.5,13.2703760944082,2.21172934906803,85.4618015963512,15,1188.43750275062,1,1,8.27797979635244,0
ridge,medium,26105,7,3065,13.255149852536,1.89359283607657,85.0627137970353,15,1202.49749239996,1,1,8.24526149783333,0
ridge,medium,26105,8,3142.5,13.2632541686209,1.65790677107761,85.57582668187,15,1237.85907492135,1,1,8.28047351664646,0
ridge,medium,26105,9,3523.75,14.1292708131541,1.56991897923935,86.4310148232611,16,1322.46901620848,1,1,8.43124051503776,0
ridge,medium,26105,10,3392.5,14.1490934129981,1.41490934129981,85.8038768529076,16,1313.70592585611,1,1,8.40882256885178,0
ridge,medium,26105,11,3662.5,15.0337724681881,1.3667065880171,85.9749144811859,17,1417.01425153557,1,1,8.55887057157116,0
ridge,medium,26105,12,4167.5,16.814482122176,1.40120684351467,86.4880273660205,19,1502.50411096412,1,1,8.77055921052632,0
ridge,medium,26106,1,6337.5,11.4604959087947,11.4604959087947,85.7548240635641,13,1086.82834931185,0,1,0.406951614428957,0
ridge,medium,26106,2,3766.25,11.4800787174339,5.74003935871693,86.3791146424518,13,1077.58728767078,0,1,0.0859648102610464,1
ridge,medium,26106,3,3298.75,13.2534468730072,4.41781562433572,85.0737797956867,15,1084.49787555155,0,1,0.117737652551811,0
ridge,medium,26106,4,3271.25,14.165914275353,3.54147856883825,86.4926220204313,16,1073.93830801714,0,1,0.15273518773921,0
ridge,medium,26106,5,3092.5,14.1930224021213,2.83860448042426,86.1520998864926,16,1095.39956040064,0,1,0.143584987019079,0
ridge,medium,26106,6,3163.75,13.24797339806,2.20799556634334,85.2440408626561,15,1170.62619101223,0,1,0.147281339544843,0
ridge,medium,26106,7,3430,13.2568315729996,1.89383308185708,85.3007945516459,15,1268.04437320986,1,1,8.23306674912735,0
ridge,medium,26106,8,3505,14.1273764015867,1.76592205019834,85.0737797956867,16,1290.75544911752,1,1,8.29661668553986,0
ridge,medium,26106,9,3267.5,14.1501700353008,1.57224111503342,86.4926220204313,16,1281.97417640914,1,1,8.26370630764941,0
ridge,medium,26106,10,3883.75,15.0374002502991,1.50374002502991,85.7548240635641,17,1438.5066362991,1,1,8.46695038816243,0
ridge,medium,26106,11,4245,15.9321545585921,1.44837768714474,85.6413166855846,18,1506.65268974841,1,1,8.59145809791166,0
ridge,medium,26106,12,4673.75,17.6702702230455,1.47252251858712,85.8683314415437,20,1630.21374992085,1,1,8.79491525423729,0
ridge,medium,26107,1,5447.5,9.69467112323589,9.69467112323589,85.0084222346996,11,1071.48054023692,0,1,0.4,0
ridge,medium,26107,2,4028.75,12.3742044800913,6.18710224004563,87.0297585626053,14,1090.76627048431,0,1,0.28988989913787,0
ridge,medium,26107,3,3305,13.2595971561413,4.41986571871376,86.2436833239753,15,1088.41105334521,0,1,0.208019179010531,1
ridge,medium,26107,4,3232.5,13.2677338575902,3.31693346439756,85.4014598540146,15,1089.1951902811,1,1,8.19742417349483,0
ridge,medium,26107,5,2901.25,13.2974501426924,2.65949002853849,85.2330151600225,15,1106.23872819007,1,1,8.15711842523068,0
ridge,medium,26107,6,3065,12.3652510392215,2.06087517320358,85.4014598540146,14,1196.28725592268,1,1,8.20386918286457,0
ridge,medium,26107,7,4126.25,15.0234219938487,2.14620314197838,86.692869174621,17,1312.46171988832,1,1,8.54288752868179,0
ridge,medium,26107,8,4360,16.7800203425486,2.09750254281857,85.6260527793375,19,1317.32288919039,1,1,8.64868740612377,0
ridge,medium,26107,9,3648.75,15.0281909954035,1.66979899948928,85.8506457046603,17,1322.94730899918,1,1,8.47458466723919,0
ridge,medium,26107,10,3862.5,15.0296910839441,1.50296910839441,85.1768669286918,17,1414.1693286453,1,1,8.56502999957502,0
ridge,medium,26107,11,3885,15.9128804277269,1.44662549342972,86.9736103312746,18,1452.75402042155,1,1,8.62580370751582,0
ridge,medium,26107,12,4455,17.6729436809858,1.47274530674882,86.1313868613139,20,1553.20104005889,1,1,8.84408443789887,0
ridge,medium,26108,1,6460,11.459726486359,11.459726486359,86.6591294516676,13,1100.67975298108,0,1,0.446627908088287,0
ridge,medium,26108,2,3496.25,10.5882630410856,5.29413152054278,85.8111927642736,12,1095.16456657911,0,1,0.07532295233204,1
ridge,medium,26108,3,3342.5,13.2497943090127,4.41659810300424,85.9807801017524,15,1083.83718933148,0,1,0.164062315501549,0
ridge,medium,26108,4,4042.5,13.2606161537723,3.31515403844308,87.4505370265687,15,1192.34861104289,1,1,8.30583001420749,0
ridge,medium,26108,5,2881.25,12.3942559700029,2.47885119400058,86.31995477671,14,1166.09156875222,1,1,8.12415188430954,0
ridge,medium,26108,6,3535,13.2674905281189,2.21124842135315,85.7546636517807,15,1246.91448931887,1,1,8.28111248582578,0
ridge,medium,26108,7,3630,14.1386573890448,2.01980819843497,86.2068965517241,16,1303.37262645045,1,1,8.3613720449011,0
ridge,medium,26108,8,3977.5,14.1518625271229,1.76898281589036,86.0938383267383,16,1419.73409445448,1,1,8.46840397958547,0
ridge,medium,26108,9,3940,15.0099125550292,1.66776806166991,86.2634256642171,17,1422.3325480533,1,1,8.50199429485252,0
ridge,medium,26108,10,4153.75,15.9084859131482,1.59084859131482,85.1893725268513,18,1484.77355722131,1,1,8.60016262388355,0
ridge,medium,26108,11,4477.5,16.7744587664346,1.5249507969486,85.2459016393443,19,1599.97959301494,1,1,8.73991654026316,0
ridge,medium,26108,12,4395,17.6851749699046,1.47376458082538,85.9807801017524,20,1585.5749940399,1,1,8.76082069778635,0
ridge,medium,26109,1,6270,11.4634755047393,11.4634755047393,86.6132723112128,13,1106.01642148035,0,1,0.460121576460988,0
ridge,medium,26109,2,3486.25,10.5984845531892,5.29924227659462,86.2700228832952,12,1074.27393198687,0,1,0.0796835670622078,1
ridge,medium,26109,3,3092.5,12.3953293791457,4.13177645971525,86.4988558352403,14,1076.62232267396,0,1,0.122365233097386,0
ridge,medium,26109,4,2867.5,12.3804731880421,3.09511829701054,85.3546910755149,14,1087.20830098212,0,1,0.101902080979297,0
ridge,medium,26109,5,2793.75,11.4928553361524,2.29857106723049,85.2402745995423,13,1143.84109926252,0,1,0.0834876210354791,0
ridge,medium,26109,6,3001.25,13.2807218248321,2.21345363747201,87.4713958810069,15,1155.51710510567,0,1,0.200332994945387,0
ridge,medium,26109,7,2965,13.2824228462177,1.8974889780311,85.0686498855835,15,1172.3165722103,1,1,8.20599255982417,0
ridge,medium,26109,8,3576.25,14.1287677326367,1.76609596657959,86.0411899313501,16,1312.4000996613,1,1,8.39841984965034,0
ridge,medium,26109,9,4136.25,15.0123674711316,1.66804083012574,85.5263157894737,17,1466.09911865742,1,1,8.59464710669583,0
ridge,medium,26109,10,3948.75,15.0083892803913,1.50083892803913,86.6704805491991,17,1457.2958304369,1,1,8.56777180175168,0
ridge,medium,26109,11,4653.75,16.7842780354654,1.52584345776958,85.2974828375286,19,1591.24849943989,1,1,8.81224238808978,0
ridge,medium,26109,12,4135,16.8212275295741,1.40176896079784,85.812356979405,19,1485.74311889764,1,1,8.69310827111447,0
ridge,medium,26110,1,5417.5,9.69354377210105,9.69354377210105,85.1727982162765,11,1096.24592898884,0,1,0.417853934470185,0
ridge,medium,26110,2,4025,12.3625791155796,6.18128955778981,86.4548494983278,14,1106.38590089036,0,1,0.350056214289355,0
ridge,medium,26110,3,3142.5,12.3689579126047,4.12298597086824,85.5072463768116,14,1073.83459741356,0,1,0.18178275113286,1
ridge,medium,26110,4,3077.5,12.3622437523228,3.09056093808071,87.0122630992196,14,1101.46882650375,1,1,8.19291158926723,0
ridge,medium,26110,5,2943.75,13.2666900026854,2.65333800053708,87.123745819398,15,1120.79132846024,1,1,8.23726658539253,0
ridge,medium,26110,6,3102.5,13.2602004324877,2.21003340541462,86.2876254180602,15,1183.87858557218,1,1,8.31283144567338,0
ridge,medium,26110,7,3035,12.3998702447622,1.77141003496603,86.0089186176143,14,1230.98364304859,1,1,8.29132168676561,0
ridge,medium,26110,8,3795,14.1367420566975,1.76709275708719,87.0680044593088,16,1370.59152931335,1,1,8.62257966864436,0
ridge,medium,26110,9,3853.75,14.142592232963,1.57139913699588,85.5629877369008,16,1442.20494044296,1,1,8.68945729205897,0
ridge,medium,26110,10,3551.25,15.0329871003286,1.50329871003286,85.4515050167224,17,1348.19622610352,1,1,8.61545479034087,0
ridge,medium,26110,11,3267.5,15.0570546832463,1.36882315302239,86.3991081382386,17,1323.01184300969,1,1,8.55085613688072,0
ridge,medium,26110,12,3533.75,15.0566264344236,1.2547188695353,85.9531772575251,17,1450.4126275285,1,1,8.6953777645789,0
ridge,medium,26111,1,5438.75,9.70131222221057,9.70131222221057,85.4002254791432,11,1080.18613447049,0,1,0.406909392946041,0
ridge,medium,26111,2,3761.25,11.4666434211991,5.73332171059956,87.260428410372,13,1077.2899682958,0,1,0.189592009696073,0
ridge,medium,26111,3,3126.25,12.3857326825963,4.12857756086544,85.9075535512965,14,1069.96033846168,0,1,0.113745867383256,1
ridge,medium,26111,4,3153.75,13.2472907246144,3.31182268115359,85.7384441939121,15,1084.20711772583,1,1,8.16463537774709,0
ridge,medium,26111,5,3962.5,15.9076878634014,3.18153757268027,85.9075535512965,18,1167.63304904742,1,1,8.47362466084599,0
ridge,medium,26111,6,3480,13.2550727451116,2.20917879085193,85.5129650507328,15,1226.06002388557,1,1,8.31724510215131,0
ridge,medium,26111,7,3528.75,14.1472707419839,2.02103867742627,86.1894024802706,16,1242.48457490716,1,1,8.37458006525404,0
ridge,medium,26111,8,3242.5,14.1571895340819,1.76964869176023,85.9639233370913,16,1237.03540422208,1,1,8.32180492663562,0
ridge,medium,26111,9,3601.25,14.1464810405071,1.57183122672301,86.9222096956032,16,1370.96288301155,1,1,8.47389770778495,0
ridge,medium,26111,10,3692.5,15.0361224050453,1.50361224050453,86.2457722660654,17,1349.55408887498,1,1,8.51291235617,0
ridge,medium,26111,11,4382.5,16.7813596704599,1.52557815185999,86.1330326944758,19,1513.95575551233,1,1,8.8172972972973,0
ridge,medium,26111,12,4028.75,16.7732871463946,1.39777392886622,85.7948139797069,19,1470.95580467311,1,1,8.72671173356121,0
ridge,medium,26112,1,5487.5,9.69682795535986,9.69682795535986,85.0696378830084,11,1075.83102100341,0,1,0.4,0
ridge,medium,26112,2,3446.25,10.6021187323589,5.30105936617946,85.125348189415,12,1108.41447669237,0,1,0.137296054935997,0
ridge,medium,26112,3,2868.75,11.4776197151919,3.82587323839729,85.5710306406685,13,1090.3381865684,0,1,0.068519098455545,1
ridge,medium,26112,4,3148.75,12.3779385945454,3.09448464863634,86.2395543175488,14,1121.9527497561,0,1,0.159657394913613,0
ridge,medium,26112,5,3277.5,13.2713608904005,2.65427217808009,86.5738161559889,15,1159.73149818163,1,1,8.23094482004932,0
ridge,medium,26112,6,3452.5,13.2737494710769,2.21229157851281,86.5738161559889,15,1222.06950374214,1,1,8.29300310457992,0
ridge,medium,26112,7,3813.75,14.1288865299569,2.01841236142242,86.1838440111421,16,1325.86313823295,1,1,8.43583296092476,0
ridge,medium,26112,8,3472.5,14.1268875048922,1.76586093811152,85.6267409470752,16,1281.34143739696,1,1,8.35846774728241,0
ridge,medium,26112,9,3607.5,15.0171536774891,1.66857263083212,86.3509749303621,17,1347.69613645814,1,1,8.44676030232253,0
ridge,medium,26112,10,3902.5,15.0013762073524,1.50013762073524,86.7966573816156,17,1442.31346812477,1,1,8.54478398085109,0
ridge,medium,26112,11,4600,16.8003299690933,1.52730272446303,86.1838440111421,19,1577.39730909163,1,1,8.78863391891783,0
ridge,medium,26112,12,4762.5,18.5540683058359,1.54617235881966,85.9610027855153,21,1606.41131629748,1,1,8.88926014319809,0
ridge,medium,26113,1,5968.75,10.5825040751339,10.5825040751339,87.4133949191686,12,1095.94742309199,0,1,0.4,0
ridge,medium,26113,2,3521.25,10.6022935578296,5.30114677891479,86.0277136258661,12,1099.74495661584,0,1,0.115256962791749,1
ridge,medium,26113,3,3287.5,13.2833338685351,4.42777795617836,85.5080831408776,15,1127.13600567982,0,1,0.236940871127339,0
ridge,medium,26113,4,2948.75,12.3738088244116,3.09345220610291,85.2193995381062,14,1113.34097073286,1,1,8.14309781968701,0
ridge,medium,26113,5,2876.25,12.3664284172518,2.47328568345036,87.29792147806,14,1149.11448540773,1,1,8.16033422429752,0
ridge,medium,26113,6,3477.5,13.2509385950345,2.20848976583908,85.9122401847575,15,1249.46075179699,1,1,8.34714786123322,0
ridge,medium,26113,7,3945,14.1277257774965,2.01824653964235,86.0854503464203,16,1356.45524014861,1,1,8.52268238852128,0
ridge,medium,26113,8,2575,12.3915542859731,1.54894428574664,85.2771362586605,14,1192.90848939222,1,1,8.15803607291929,0
ridge,medium,26113,9,3200,13.2672745943319,1.47414162159243,86.8937644341801,15,1328.35883406567,1,1,8.37287345257531,0
ridge,medium,26113,10,3683.75,14.1824478985672,1.41824478985672,86.1431870669746,16,1451.54447555664,1,1,8.56400317671207,0
ridge,medium,26113,11,3995,15.9200320360296,1.44727563963905,85.5080831408776,18,1500.88453937601,1,1,8.72048639075557,0
ridge,medium,26113,12,4001.25,16.8067798257041,1.40056498547535,85.796766743649,19,1506.55126373241,1,1,8.76810313075507,0
ridge,medium,26114,1,5872.5,10.5798279600006,10.5798279600006,85.7223796033994,12,1108.11776827572,0,1,0.409580395080445,0
ridge,medium,26114,2,3711.25,11.4807402962654,5.74037014813271,86.685552407932,13,1128.35743597402,0,1,0.146513042377483,0
ridge,medium,26114,3,3173.75,12.3753561073483,4.12511870244944,87.1388101983003,14,1093.92083283161,0,1,0.0869111719583832,1
ridge,medium,26114,4,3411.25,15.0408325262015,3.76020813155037,85.6657223796034,17,1131.05545036785,0,1,0.276192241928394,0
ridge,medium,26114,5,3721.25,13.2657580460013,2.65315160920027,86.4022662889518,15,1240.96804097133,0,1,0.310389674215861,0
ridge,medium,26114,6,3777.5,14.1593287866961,2.35988813111602,87.1388101983003,16,1272.65661246496,1,1,8.38336360270901,0
ridge,medium,26114,7,3466.25,13.237465576294,1.89106651089914,85.7223796033994,15,1290.09856750035,0,1,0.304379251209795,0
ridge,medium,26114,8,3788.75,15.0404826365176,1.8800603295647,85.5524079320113,17,1330.34671797917,1,1,8.46661313672053,0
ridge,medium,26114,9,3511.25,15.0319170450379,1.67021300500421,86.7988668555241,17,1317.43604991468,1,1,8.41635597854607,0
ridge,medium,26114,10,4011.25,15.0163792020176,1.50163792020176,85.042492917847,17,1500.94598519629,1,1,8.61354868607001,0
ridge,medium,26114,11,4300,16.7767993927199,1.52516358115635,85.6090651558074,19,1507.48520478972,1,1,8.74597088057879,0
ridge,medium,26114,12,4103.75,16.7776323626642,1.39813603022202,85.4957507082153,19,1538.48294091488,1,1,8.73784159333024,0
ridge,medium,26115,1,5946.25,10.5767816136563,10.5767816136563,86.2436833239753,12,1096.43822337248,0,1,0.408910538115585,0
ridge,medium,26115,2,4053.75,12.3581578130681,6.17907890653406,87.4227961819203,14,1104.05931789542,0,1,0.250769779452903,0
ridge,medium,26115,3,2901.25,11.5031749192567,3.83439163975222,85.7944974733296,13,1081.55105250613,0,1,0.0446727837252208,1
ridge,medium,26115,4,3426.25,13.2488310894084,3.31220777235209,86.3559797866367,15,1140.3471018129,0,1,0.233009468156457,0
ridge,medium,26115,5,2980,12.3903546814635,2.4780709362927,86.0752386299832,14,1196.19386453787,0,1,0.166417513498157,0
ridge,medium,26115,6,3501.25,13.2575600854735,2.20959334757892,85.4576080853453,15,1255.43231941939,0,1,0.312165497789042,0
ridge,medium,26115,7,3943.75,14.1376109115599,2.01965870165142,86.9736103312746,16,1336.80875685785,0,1,0.461438514599327,0
ridge,medium,26115,8,3796.25,14.1360881437313,1.76701101796641,85.1768669286918,16,1354.65138410506,1,1,8.45266854820642,0
ridge,medium,26115,9,5085,16.7804809630347,1.86449788478164,87.5350926445817,19,1582.77232578628,1,1,8.88602014667068,0
ridge,medium,26115,10,4670,16.7979742169553,1.67979742169553,85.9629421673217,19,1565.19836580699,1,1,8.82182942804536,0
ridge,medium,26115,11,4393.75,16.7908564745992,1.52644149769084,86.3559797866367,19,1578.58207546499,1,1,8.79320785541366,0
ridge,medium,26115,12,4312.5,16.7958853508124,1.3996571125677,86.4682762492981,19,1576.16499768177,1,1,8.78133041139919,0
ridge,medium,26116,1,5960,10.5804810635473,10.5804810635473,86.0335195530726,12,1039.88206188295,0,1,0.410244345644014,0
ridge,medium,26116,2,3475,10.587845530976,5.293922765488,87.0949720670391,12,1045.32037800389,0,1,0.097220760847262,1
ridge,medium,26116,3,3148.75,12.3645644439574,4.12152148131913,86.0335195530726,14,1021.91242880578,0,1,0.117269610509266,0
ridge,medium,26116,4,3735,14.1343074452619,3.53357686131548,87.6536312849162,16,1112.07133149547,0,1,0.317963579539505,0
ridge,medium,26116,5,2896.25,12.3946322532156,2.47892645064312,85.0837988826816,14,1084.18574541371,1,1,8.12188651430361,0
ridge,medium,26116,6,3656.25,14.1276201970352,2.35460336617253,85.0837988826816,16,1202.23643908686,1,1,8.35905608764246,0
ridge,medium,26116,7,3258.75,13.2393148468339,1.89133069240484,86.3128491620112,15,1200.72562730899,1,1,8.27011152136536,0
ridge,medium,26116,8,2818.75,13.2696004464272,1.6587000558034,85.586592178771,15,1161.65841755943,1,1,8.19308833311803,0
ridge,medium,26116,9,4076.25,15.0198720315323,1.66887467017026,86.2569832402235,17,1383.43245280122,1,1,8.55346932009193,0
ridge,medium,26116,10,4497.5,15.8973395709344,1.58973395709344,86.5921787709497,18,1499.96040459984,1,1,8.71055141023762,0
ridge,medium,26116,11,4427.5,16.7919616893388,1.52654197175807,85.9776536312849,19,1506.60003387849,1,1,8.74315585838809,0
ridge,medium,26116,12,4615,17.693283325343,1.47444027711192,85.3631284916201,20,1548.1432014174,1,1,8.82873060087545,0
ridge,medium,26117,1,6366.25,11.4573479316751,11.4573479316751,86.6405813303521,13,1134.13256581532,0,1,0.456253484809985,0
ridge,medium,26117,2,3487.5,10.5886104426454,5.29430522132269,86.472889882616,12,1102.78337006745,0,1,0.069820788530466,0
ridge,medium,26117,3,2878.75,11.5057177907049,3.83523926356829,86.6405813303521,13,1115.72628281327,0,1,0.0468331521964832,1
ridge,medium,26117,4,3236.25,14.1430266237943,3.53575665594858,86.5287870318614,16,1141.6686086559,0,1,0.215489353989808,0
ridge,medium,26117,5,2945,13.2810344887231,2.65620689774461,86.3051984348798,15,1170.59220765354,1,1,8.16365965491904,0
ridge,medium,26117,6,4145,14.142370489148,2.35706174819134,85.6903297931806,16,1341.37299480993,0,1,0.444085931878891,0
ridge,medium,26117,7,2980,13.2652156413196,1.8950308059028,85.7462269424259,15,1210.04206755195,1,1,8.19157837658124,0
ridge,medium,26117,8,3832.5,14.1349862928445,1.76687328660556,85.2431525992174,16,1416.54963844933,1,1,8.45475864693747,0
ridge,medium,26117,9,3697.5,15.0289691245685,1.66988545828539,85.9698155394075,17,1363.42003022297,1,1,8.44397406673056,0
ridge,medium,26117,10,3445,14.1527730131733,1.41527730131733,85.6903297931806,16,1403.10885301897,1,1,8.40269394085573,0
ridge,medium,26117,11,4635,17.684937326145,1.60772157510409,85.5785354946898,20,1584.40523348155,1,1,8.80143369175627,0
ridge,medium,26117,12,3567.5,15.9320261052487,1.32766884210406,86.0816098378983,18,1435.14704067354,1,1,8.51191917864797,0
ridge,medium,26118,1,5846.25,10.577422989724,10.577422989724,85.0896860986547,12,1103.9799401006,0,1,0.423061735614341,0
ridge,medium,26118,2,3515,10.6076869236744,5.30384346183722,85.5941704035874,12,1070.88488937732,0,1,0.0965896284633698,0
ridge,medium,26118,3,2861.25,11.5028035587374,3.83426785291248,86.5470852017937,13,1102.22061563097,0,1,0.0832061480565171,0
ridge,medium,26118,4,2790,11.5029840456078,2.87574601140195,85.762331838565,13,1105.69933022188,0,1,0.0763152300171923,1
ridge,medium,26118,5,3101.25,13.2440657288191,2.64881314576383,86.1547085201794,15,1135.85316919159,1,1,8.23598547029755,0
ridge,medium,26118,6,2870,13.2629156956501,2.21048594927502,85.8744394618834,15,1128.60452482616,1,1,8.20172868341222,0
ridge,medium,26118,7,3260,13.261555246038,1.89450789229114,86.042600896861,15,1240.3274556236,1,1,8.33054737984509,0
ridge,medium,26118,8,3221.25,13.2367433302862,1.65459291628578,85.4260089686099,15,1296.10539107128,1,1,8.36294826102205,0
ridge,medium,26118,9,3112.5,13.2746377638728,1.47495975154142,85.5381165919283,15,1295.33691481196,1,1,8.35031088942951,0
ridge,medium,26118,10,3281.25,14.1471283448483,1.41471283448483,85.5941704035874,16,1327.96960660982,1,1,8.44420690606509,0
ridge,medium,26118,11,4053.75,15.911518936451,1.44650172149555,87.219730941704,18,1501.40388339489,1,1,8.76539877300613,0
ridge,medium,26118,12,3343.75,15.0593318508303,1.25494432090253,86.3789237668161,17,1397.64805347541,1,1,8.55224524311233,0
ridge,medium,26119,1,5500,9.69777547287052,9.69777547287052,85.6980703745743,11,1026.46580065816,0,1,0.402220494225985,0
ridge,medium,26119,2,3768.75,11.4791540836896,5.7395770418448,85.0737797956867,13,1050.31860676274,0,1,0.243652916295506,0
ridge,medium,26119,3,3082.5,12.37116478158,4.12372159385998,85.7548240635641,14,1057.45626350836,0,1,0.187290747082422,0
ridge,medium,26119,4,2707.5,12.3858520897647,3.09646302244118,87.2304199772985,14,1022.70587355573,0,1,0.113674055725125,1
ridge,medium,26119,5,3027.5,13.2567715170998,2.65135430341996,87.0034052213394,15,1102.33032201109,0,1,0.243364462768434,0
ridge,medium,26119,6,3177.5,13.2501262118389,2.20835436863982,86.322360953462,15,1171.52062582095,1,1,8.30543117671183,0
ridge,medium,26119,7,4310,14.1170405351879,2.01672007645541,85.1872871736663,16,1346.11103694899,1,1,8.60741928309889,0
ridge,medium,26119,8,4107.5,14.1301948013914,1.76627435017393,85.527809307605,16,1336.90378519098,1,1,8.57353177504248,0
ridge,medium,26119,9,4316.25,15.0248531150225,1.66942812389139,85.5845629965948,17,1430.31242739453,1,1,8.69643102600053,0
ridge,medium,26119,10,4215,15.9140896134763,1.59140896134763,87.0601589103292,18,1393.16206967788,1,1,8.69759231963923,0
ridge,medium,26119,11,4458.75,16.7919446737854,1.52654042488958,86.8898978433598,19,1484.5585667357,1,1,8.82360610985983,0
ridge,medium,26119,12,4301.25,16.7886393459539,1.39905327882949,86.5493757094211,19,1530.69104078875,1,1,8.82815028613852,0
ridge,medium,26120,1,5997.5,10.5821323393307,10.5821323393307,86.7036011080332,12,1111.00264721447,0,1,0.4,0
ridge,medium,26120,2,3796.25,11.4893650533915,5.74468252669577,85.983379501385,13,1129.00550463928,0,1,0.142346194072518,0
ridge,medium,26120,3,3577.5,14.1257248304781,4.70857494349269,85.983379501385,16,1111.11838019514,0,1,0.227726545413883,0
ridge,medium,26120,4,3178.75,12.3712327847608,3.09280819619021,85.4847645429363,14,1152.15738695837,0,1,0.111336409040847,1
ridge,medium,26120,5,3333.75,12.3655071574023,2.47310143148046,86.4819944598338,14,1244.95582735881,1,1,8.18934952672333,0
ridge,medium,26120,6,4442.5,14.1206187852548,2.35343646420914,86.2603878116343,16,1345.72992233996,1,1,8.49255099467322,0
ridge,medium,26120,7,3198.75,13.2444662749767,1.89206661071095,86.2049861495845,15,1251.98800316063,1,1,8.21689075556145,0
ridge,medium,26120,8,4215,15.0170799630307,1.87713499537884,87.1468144044321,17,1451.95538167349,1,1,8.5679840123727,0
ridge,medium,26120,9,3916.25,14.1261301508899,1.56957001676554,85.1523545706371,16,1484.68178035319,1,1,8.50243040482096,0
ridge,medium,26120,10,4306.25,15.9345911112623,1.59345911112623,85.3739612188366,18,1583.30408908444,1,1,8.70490647741775,0
ridge,medium,26120,11,4091.25,15.9169045115858,1.44699131923507,86.4819944598338,18,1534.27572235577,1,1,8.64380076794853,0
ridge,medium,26120,12,4157.5,16.7963820702866,1.39969850585721,86.6481994459834,19,1605.54114485007,1,1,8.73889135254989,0
ridge,medium,26121,1,5430,9.69689520226476,9.69689520226476,85.1851851851852,11,1113.92878972199,0,1,0.408911310525236,0
ridge,medium,26121,2,3737.5,11.4748902414143,5.73744512070713,86.1391694725028,13,1129.23704777644,0,1,0.237836181013963,0
ridge,medium,26121,3,2901.25,11.4772397723049,3.82574659076829,85.4096520763187,13,1101.53737566821,0,1,0.0857502769495045,1
ridge,medium,26121,4,3013.75,13.2600362635502,3.31500906588755,86.307519640853,15,1105.83528440182,0,1,0.19250485386735,0
ridge,medium,26121,5,3111.25,12.3811738944617,2.47623477889235,85.4096520763187,14,1176.98944475999,1,1,8.21676775561489,0
ridge,medium,26121,6,3252.5,14.1666258890684,2.36110431484473,85.4657687991021,16,1212.21809663975,0,1,0.350441842864768,0
ridge,medium,26121,7,3732.5,14.12164145654,2.01737735093429,86.3636363636364,16,1308.65530043043,1,1,8.49355501999834,0
ridge,medium,26121,8,3991.25,15.0230563027652,1.87788203784565,86.307519640853,17,1380.73556307878,1,1,8.62973763615178,0
ridge,medium,26121,9,4091.25,15.0374344252747,1.67082604725275,86.1391694725028,17,1449.66083429082,1,1,8.69581599866346,0
ridge,medium,26121,10,3252.5,14.1527945924923,1.41527945924923,87.037037037037,16,1374.53939587327,1,1,8.46650934986685,0
ridge,medium,26121,11,3702.5,15.9254858262525,1.44777143875022,85.5218855218855,18,1437.91477997495,1,1,8.66864895359214,0
ridge,medium,26121,12,3568.75,15.0347194377513,1.25289328647928,85.297418630752,17,1518.6953464972,1,1,8.66268201025476,0
ridge,high,26202,1,5926.25,10.5807734220222,10.5807734220222,85.0901146914255,12,1057.71233379845,0,1,0.4,0
ridge,high,26202,2,3756.25,11.4749878226778,5.73749391133892,86.5647187329328,13,1068.77233317355,0,1,0.147544409666071,0
ridge,high,26202,3,3056.25,12.3821819888192,4.12739399627306,85.7454942654287,14,1097.05329027226,0,1,0.110306328896595,1
ridge,high,26202,4,3058.75,12.3913335652826,3.09783339132065,85.6362643364282,14,1099.62365365223,0,1,0.11258581222393,0
ridge,high,26202,5,3481.25,12.3614834902486,2.47229669804972,85.3631895139268,14,1182.81577567537,0,1,0.218164893157825,0
ridge,high,26202,6,3052.5,12.3877502314476,2.06462503857459,85.1447296559257,14,1182.18447120585,1,1,8.15938926222544,0
ridge,high,26202,7,3513.75,13.264762767825,1.89496610968929,86.3462588749317,15,1251.82269038562,1,1,8.30629703652362,0
ridge,high,26202,8,3297.5,13.2573275295506,1.65716594119383,86.6739486619334,15,1257.9464455365,1,1,8.27938686187404,0
ridge,high,26202,9,3336.25,14.1564261405144,1.57293623783493,85.7454942654287,16,1277.54103780676,1,1,8.33955118099311,0
ridge,high,26202,10,3937.5,15.026720772385,1.5026720772385,85.9093391589295,17,1404.22525180035,1,1,8.53868113173246,0
ridge,high,26202,11,4023.75,15.9003141926365,1.4454831084215,86.6739486619334,18,1450.56470125179,1,1,8.61972487642908,0
ridge,high,26202,12,4385,16.7935896317247,1.39946580264373,85.7454942654287,19,1575.37371293515,1,1,8.78547194432362,0
ridge,high,26203,1,6793.75,12.341340254894,12.341340254894,87.1095968199886,14,1075.02860280039,0,1,0.466023788633472,0
ridge,high,26203,2,3783.75,11.4733942606754,5.73669713033768,85.3492333901193,13,1048.25445781018,0,1,0.0855370551746654,1
ridge,high,26203,3,3275,13.2502731971651,4.41675773238837,85.0653038046565,15,1070.1679559368,0,1,0.14640913466965,0
ridge,high,26203,4,2983.75,13.2798262089591,3.31995655223978,86.8256672345258,15,1050.75549396978,0,1,0.105168112895006,0
ridge,high,26203,5,2965,13.2600576515334,2.65201153030669,87.7342419080068,15,1101.60180910775,0,1,0.134774057290002,0
ridge,high,26203,6,3291.25,13.2650731032244,2.21084551720406,85.8035207268597,15,1155.75057414031,1,1,8.20393940075082,0
ridge,high,26203,7,3796.25,15.0157647740879,2.14510925344113,86.4281658148779,17,1230.48633628251,1,1,8.40319436558529,0
ridge,high,26203,8,3530,14.1438891197329,1.76798613996662,86.0874503123225,16,1245.58081395542,1,1,8.33604080341306,0
ridge,high,26203,9,3562.5,15.0542590821547,1.67269545357274,87.2799545712663,17,1270.6080301123,1,1,8.40672339883861,0
ridge,high,26203,10,3668.75,15.9077594389669,1.59077594389669,85.2356615559341,18,1310.35014338705,1,1,8.49136886835484,0
ridge,high,26203,11,4301.25,16.8072448318402,1.52793134834911,86.8256672345258,19,1438.73129590665,1,1,8.69054392122909,0
ridge,high,26203,12,4168.75,16.8050529447386,1.40042107872822,86.0874503123225,19,1515.06729533558,1,1,8.725635778052,0
ridge,high,26204,1,6037.5,10.5765024657111,10.5765024657111,86.6817155756208,12,1031.99776135383,0,1,0.417140130695781,0
ridge,high,26204,2,3777.5,11.4788976019945,5.73944880099727,86.1738148984199,13,1039.25861591861,0,1,0.167896144313398,0
ridge,high,26204,3,3166.25,12.3739267098616,4.12464223662054,85.4966139954853,14,1005.65386454927,0,1,0.12125774155482,1
ridge,high,26204,4,3247.5,13.250476919694,3.3126192299235,87.1896162528217,15,1077.61482706912,0,1,0.238530602535582,0
ridge,high,26204,5,3357.5,13.2671657565988,2.65343315131976,87.1896162528217,15,1075.3622170978,0,1,0.253515184358504,0
ridge,high,26204,6,3353.75,13.2554426680654,2.20924044467757,87.020316027088,15,1137.69949135425,1,1,8.2927604048112,0
ridge,high,26204,7,3502.5,13.256204287944,1.89374346970629,86.8510158013544,15,1227.55195497414,1,1,8.37199517914858,0
ridge,high,26204,8,3486.25,13.2412627316576,1.6551578414572,87.3024830699774,15,1264.79910312137,1,1,8.39295748385234,0
ridge,high,26204,9,3311.25,13.2771425832902,1.47523806481002,85.665914221219,15,1276.70538782959,1,1,8.37874496947695,0
ridge,high,26204,10,3465,14.1483431331105,1.41483431331105,85.665914221219,16,1347.96202929786,1,1,8.50529881013966,0
ridge,high,26204,11,3638.75,14.1353127691845,1.28502843356223,85.1580135440181,16,1466.74539189179,1,1,8.60590926606175,0
ridge,high,26204,12,3703.75,15.0234537805793,1.25195448171494,85.2708803611738,17,1425.92870992094,1,1,8.64832371910166,0
ridge,high,26205,1,6397.5,11.4704068664186,11.4704068664186,85.827664399093,13,1098.1889531198,0,1,0.465206478580343,0
ridge,high,26205,2,3510,10.5977641448622,5.2988820724311,85.4875283446712,12,1079.10134530195,0,1,0.0558659217877095,1
ridge,high,26205,3,3107.5,12.3916496321436,4.13054987738121,85.2607709750567,14,1089.4308151653,0,1,0.117586018580362,0
ridge,high,26205,4,3236.25,14.1479067481548,3.5369766870387,87.18820861678,16,1083.66029326949,0,1,0.226939076908666,0
ridge,high,26205,5,3426.25,14.1541927197754,2.83083854395508,87.0181405895692,16,1168.43176383337,0,1,0.321352954097513,0
ridge,high,26205,6,3041.25,13.2700069433362,2.21166782388936,87.0748299319728,15,1158.98275740111,1,1,8.217732140996,0
ridge,high,26205,7,3410,13.2435241161432,1.89193201659189,85.8843537414966,15,1284.43626245936,1,1,8.3658773697573,0
ridge,high,26205,8,3315,14.1358271503737,1.76697839379671,86.3378684807256,16,1256.82279799084,1,1,8.38152518650625,0
ridge,high,26205,9,3865,15.0293369869504,1.66992633188338,87.5850340136054,17,1359.83257904482,1,1,8.58415593744557,0
ridge,high,26205,10,3541.25,15.0352245443371,1.50352245443371,85.4875283446712,17,1349.55082999805,1,1,8.53724079795924,0
ridge,high,26205,11,3691.25,15.026415797375,1.36603779976136,85.8843537414966,17,1435.20577645363,1,1,8.62678196416583,0
ridge,high,26205,12,3587.5,15.9267571049233,1.32722975874361,85.4308390022676,18,1410.19457366741,1,1,8.64403174557296,0
ridge,high,26206,1,5847.5,10.5749905169265,10.5749905169265,86.8391451068616,12,1084.16662121163,0,1,0.412682272544947,0
ridge,high,26206,2,3461.25,10.5961099574631,5.29805497873153,85.4330708661417,12,1070.83466027372,0,1,0.0682209128453897,1
ridge,high,26206,3,3300,13.2629401947064,4.42098006490214,85.9392575928009,15,1067.21910759276,0,1,0.171160506923625,0
ridge,high,26206,4,3002.5,12.3841868734975,3.09604671837437,86.7266591676041,14,1074.73245933289,0,1,0.092673295648104,0
ridge,high,26206,5,3631.25,13.2535885347043,2.65071770694087,87.5140607424072,15,1172.23511152729,1,1,8.29586973211808,0
ridge,high,26206,6,3362.5,13.2596813095383,2.20994688492305,85.8830146231721,15,1180.95440141819,1,1,8.26490217702086,0
ridge,high,26206,7,3711.25,14.1495519938283,2.0213645705469,85.7142857142857,16,1237.06272218158,1,1,8.398739712296,0
ridge,high,26206,8,4261.25,15.0110630173266,1.87638287716582,87.1766029246344,17,1365.90090508199,1,1,8.61393363466493,0
ridge,high,26206,9,3615,15.0262482852919,1.66958314281021,86.2204724409449,17,1296.67306012569,1,1,8.4719980986163,0
ridge,high,26206,10,3323.75,14.1426568748285,1.41426568748285,85.2643419572553,16,1302.82776648183,1,1,8.39314012336195,0
ridge,high,26206,11,3902.5,15.0175996798186,1.36523633452896,85.7705286839145,17,1468.11366869312,1,1,8.64029729741716,0
ridge,high,26206,12,4096.25,16.8099539927857,1.40082949939881,85.095613048369,19,1465.09368780534,1,1,8.75151862732652,0
ridge,high,26207,1,5882.5,10.5752236694578,10.5752236694578,86.1205915813424,12,1103.98887134408,0,1,0.407828915716436,0
ridge,high,26207,2,3471.25,10.5982120001913,5.29910600009565,85.4379977246872,12,1093.12021745797,0,1,0.0581892820850679,1
ridge,high,26207,3,3075,12.3676830488397,4.12256101627991,87.3151308304892,14,1099.25357645548,0,1,0.0809607994825328,0
ridge,high,26207,4,3211.25,14.1615172554893,3.54037931387234,86.1774744027304,16,1105.07676442669,0,1,0.180236878953342,0
ridge,high,26207,5,3277.5,14.1585497770434,2.83170995540869,85.2673492605233,16,1168.61170067115,0,1,0.23529519293827,0
ridge,high,26207,6,3068.75,13.2730294479121,2.21217157465201,85.3242320819113,15,1194.73951800195,1,1,8.18706474903767,0
ridge,high,26207,7,3132.5,13.2556193260193,1.89365990371704,85.4379977246872,15,1237.91633442784,1,1,8.22649371098698,0
ridge,high,26207,8,3492.5,14.1445778278522,1.76807222848152,86.1774744027304,16,1312.13152861243,1,1,8.36864996689512,0
ridge,high,26207,9,3388.75,14.1421659528557,1.57135177253952,85.8361774744027,16,1351.11893301691,1,1,8.38188260052827,0
ridge,high,26207,10,3835,15.0144648094458,1.50144648094458,86.0637087599545,17,1459.71821212933,1,1,8.56036448618342,0
ridge,high,26207,11,3786.25,15.0390211155465,1.36718373777696,86.0068259385665,17,1479.14383851574,1,1,8.56846336042034,0
ridge,high,26207,12,4267.5,17.6830505712685,1.47358754760571,86.1205915813424,20,1509.60141152511,1,1,8.77041314971124,0
ridge,high,26208,1,5947.5,10.5743006035592,10.5743006035592,86.6181410974244,12,1049.54191615497,0,1,0.40759097894374,0
ridge,high,26208,2,3498.75,10.5937425355887,5.29687126779434,85.2743561030235,12,1044.49292540355,0,1,0.0781677446971526,1
ridge,high,26208,3,3121.25,12.3864255790738,4.12880852635794,86.6181410974244,14,1037.98451679374,0,1,0.109970664662493,0
ridge,high,26208,4,3105,12.3555293393087,3.08888233482719,86.3381858902576,14,1073.14270641857,0,1,0.129401809558775,0
ridge,high,26208,5,2952.5,12.3928574540343,2.47857149080686,85.1623740201568,14,1091.25196034697,1,1,8.12272985441389,0
ridge,high,26208,6,3982.5,13.2574802289392,2.20958003815653,85.3303471444569,15,1296.85379602434,1,1,8.43705027955174,0
ridge,high,26208,7,3410,14.1587924574131,2.0226846367733,86.9540873460246,16,1211.97043037513,1,1,8.34832489258572,0
ridge,high,26208,8,3758.75,15.0293304717471,1.87866630896838,86.7301231802912,17,1274.22325036914,1,1,8.47779313288181,0
ridge,high,26208,9,3721.25,15.031918958026,1.67021321755844,87.1220604703248,17,1289.63526169696,1,1,8.48303239179117,0
ridge,high,26208,10,3833.75,15.0305605983905,1.50305605983905,86.5061590145577,17,1370.48054795844,1,1,8.55109163105327,0
ridge,high,26208,11,4365,16.7818367716382,1.52562152469438,85.3303471444569,19,1483.21188964174,1,1,8.78058314532777,0
ridge,high,26208,12,4213.75,16.7920542901754,1.39933785751462,86.8421052631579,19,1494.7398093674,1,1,8.76844741235392,0
ridge,high,26209,1,5962.5,10.5756630136572,10.5756630136572,85.0389321468298,12,1075.60276500225,0,1,0.4,0
ridge,high,26209,2,3761.25,11.477171085814,5.73858554290698,86.5406006674082,13,1092.58495510285,0,1,0.157634718373998,0
ridge,high,26209,3,2872.5,11.4866641778513,3.82888805928376,85.2614015572859,13,1092.38971467675,0,1,0.042843195612892,1
ridge,high,26209,4,3823.75,14.1224444089338,3.53061110223345,85.539488320356,16,1136.9217728433,0,1,0.28787366541876,0
ridge,high,26209,5,4237.5,13.2560702247673,2.65121404495347,86.4849833147942,15,1275.64279840276,1,1,8.37984647847565,0
ridge,high,26209,6,3330,13.2794307116465,2.21323845194109,85.2057842046719,15,1203.5034156229,1,1,8.22633314605905,0
ridge,high,26209,7,5317.5,15.9086224803839,2.27266035434055,86.1512791991101,18,1488.19952433804,1,1,8.7281576084374,0
ridge,high,26209,8,4358.75,15.00816835765,1.87602104470625,85.4282536151279,17,1416.08201978749,1,1,8.53328659582524,0
ridge,high,26209,9,3795,14.1390009822106,1.57100010913451,86.4293659621802,16,1403.86258942662,1,1,8.42137630541501,0
ridge,high,26209,10,4990,16.7960443684747,1.67960443684747,86.4849833147942,19,1661.84861602409,1,1,8.80799059696202,0
ridge,high,26209,11,5075,18.5545834068089,1.6867803097099,86.9299221357063,21,1595.02740629368,1,1,8.8509188041458,0
ridge,high,26209,12,3490,15.0708755776229,1.25590629813524,85.87319243604,17,1421.76956726611,1,1,8.4260952748152,0
ridge,high,26210,1,5937.5,10.5796866480543,10.5796866480543,85.9490084985836,12,1085.731549725,0,1,0.405354249654519,0
ridge,high,26210,2,3772.5,11.4795271027565,5.73976355137824,87.0821529745043,13,1079.02909526626,0,1,0.153959744405392,0
ridge,high,26210,3,2898.75,11.4881560003535,3.82938533345116,86.3456090651558,13,1077.5081826499,0,1,0.0383190430499926,1
ridge,high,26210,4,3093.75,13.2568904206297,3.31422260515743,85.5524079320113,15,1111.87448491446,0,1,0.160968295502888,0
ridge,high,26210,5,3408.75,13.2505876179636,2.65011752359272,86.7988668555241,15,1163.00335945417,1,1,8.2354569682325,0
ridge,high,26210,6,3513.75,14.1485268294729,2.35808780491216,86.1756373937677,16,1202.62387949824,0,1,0.312950319407199,0
ridge,high,26210,7,3418.75,13.2535179412101,1.89335970588716,86.7988668555241,15,1242.65311613453,1,1,8.28875700463861,0
ridge,high,26210,8,2965,13.2518986604387,1.65648733255484,85.7223796033994,15,1242.88934901886,0,1,0.229114008606541,0
ridge,high,26210,9,3666.25,14.1452197999964,1.57169108888849,85.2124645892351,16,1398.87135969472,1,1,8.46066197393795,0
ridge,high,26210,10,3823.75,15.0233262648894,1.50233262648894,85.3257790368272,17,1449.67401412015,1,1,8.55151022899433,0
ridge,high,26210,11,4641.25,17.6920982323987,1.6083725665817,85.6090651558074,20,1524.73567404025,1,1,8.82056128392846,0
ridge,high,26210,12,4217.5,16.8118620486779,1.40098850405649,85.7790368271955,19,1538.26557756299,1,1,8.736462940732,0
ridge,high,26211,1,5911.25,10.5797914806123,10.5797914806123,85.2227862380147,12,1072.89788275044,0,1,0.415577256631963,0
ridge,high,26211,2,3772.5,11.4974424158362,5.74872120791812,86.4636209813875,13,1077.40198252251,0,1,0.20959200868753,0
ridge,high,26211,3,2921.25,11.5127693026586,3.83758976755288,86.5764241398759,13,1052.05150078668,0,1,0.087659920974965,1
ridge,high,26211,4,2632.5,12.3867983649402,3.09669959123505,85.2227862380147,14,1092.38775572895,0,1,0.131694134939237,0
ridge,high,26211,5,3088.75,14.151862420636,2.83037248412721,85.7304004512126,16,1122.81074719801,1,1,8.30928496155709,0
ridge,high,26211,6,3013.75,13.2813114495358,2.21355190825597,86.858432036097,15,1171.07997951298,0,1,0.287279137902652,0
ridge,high,26211,7,3366.25,13.276843776629,1.89669196808986,85.7868020304569,15,1246.76411479586,1,1,8.38658648532132,0
ridge,high,26211,8,3746.25,15.054935298284,1.88186691228549,86.6328257191201,17,1312.56111123845,1,1,8.5820400080969,0
ridge,high,26211,9,4376.25,15.8939056590848,1.76598951767609,85.053581500282,18,1443.64468952089,1,1,8.80399938842854,0
ridge,high,26211,10,4187.5,15.9178974763516,1.59178974763516,87.1968415115623,18,1453.52877864669,1,1,8.78970644300419,0
ridge,high,26211,11,3253.75,15.0353997545212,1.36685452313829,85.1663846587704,17,1293.17103870809,1,1,8.50636919926829,0
ridge,high,26211,12,3478.75,15.042863095274,1.25357192460617,86.6892272983644,17,1441.57090744196,1,1,8.64512848402317,0
ridge,high,26212,1,5421.25,9.69642031639573,9.69642031639573,85.277463193658,11,1112.96875366278,0,1,0.369556902250338,0
ridge,high,26212,2,3212.5,9.71094788992485,4.85547394496242,85.9003397508494,11,1098.49314396262,0,1,0.0223190071617521,1
ridge,high,26212,3,3076.25,12.3733841701342,4.12446139004474,85.3907134767837,14,1116.06011655093,0,1,0.110334100009858,0
ridge,high,26212,4,3151.25,13.2606182103028,3.31515455257569,85.9003397508494,15,1139.80784312613,0,1,0.167274493332597,0
ridge,high,26212,5,3265,13.2612755651204,2.65225511302408,86.6364665911665,15,1205.55535406295,0,1,0.218088349925809,0
ridge,high,26212,6,3071.25,13.26132747989,2.21022124664833,85.6172140430351,15,1193.11532777377,0,1,0.181932950467824,0
ridge,high,26212,7,4066.25,13.2403989937515,1.89148557053593,85.1075877689694,15,1424.27720046215,1,1,8.45144053589475,0
ridge,high,26212,8,5666.25,17.6732350020122,2.20915437525152,87.3725934314836,20,1622.86011739893,1,1,8.96522740253401,0
ridge,high,26212,9,4388.75,15.0198382409568,1.66887091566187,87.0894677236693,17,1548.25290463024,1,1,8.63078196685525,0
ridge,high,26212,10,4197.5,15.9231190058865,1.59231190058865,85.9003397508494,18,1498.0374383484,1,1,8.60987445107279,0
ridge,high,26212,11,4362.5,16.7872682985389,1.52611529986717,85.7870894677237,19,1543.76355349125,1,1,8.69093625994908,0
ridge,high,26212,12,4500,16.8015736884973,1.40013114070811,86.5232163080408,19,1691.6071681092,1,1,8.78744890610204,0
ridge,high,26213,1,5900,10.5769406528482,10.5769406528482,86.9759642258245,12,1089.65348977748,0,1,0.401587078042396,0
ridge,high,26213,2,3727.5,11.4764252586493,5.73821262932467,86.472889882616,13,1086.96118457367,0,1,0.162307338694441,0
ridge,high,26213,3,3078.75,12.3733637360947,4.12445457869825,85.6344326439352,14,1091.30708399708,0,1,0.120484073015645,0
ridge,high,26213,4,2748.75,12.3868284217416,3.09670710543541,85.5226383454444,14,1103.01387052715,0,1,0.0860668244460114,1
ridge,high,26213,5,3136.25,14.1666625438159,2.83333250876318,86.9759642258245,16,1152.53601629478,1,1,8.23977825151637,0
ridge,high,26213,6,3388.75,13.2808786863674,2.21347978106124,87.0318613750699,15,1225.58256773239,1,1,8.27739795697427,0
ridge,high,26213,7,4493.75,15.0214984432181,2.14592834903115,86.0816098378983,17,1378.82063453125,1,1,8.58166374930536,0
ridge,high,26213,8,3203.75,13.2622431497176,1.6577803937147,85.466741196199,15,1249.40500918151,1,1,8.26716946979684,0
ridge,high,26213,9,3913.75,15.0079701442437,1.6675522382493,85.1313583007267,17,1372.48797863246,1,1,8.50373656545459,0
ridge,high,26213,10,3752.5,15.0545826270604,1.50545826270604,85.8021240916713,17,1416.71713341396,1,1,8.51131388031476,0
ridge,high,26213,11,4341.25,16.7826284160135,1.52569349236486,86.1375069871437,19,1497.12889708327,1,1,8.70658778907675,0
ridge,high,26213,12,4466.25,17.664905675145,1.47207547292875,85.6903297931806,20,1595.87854059877,1,1,8.81800872669575,0
ridge,high,26214,1,6027.5,10.5749441091082,10.5749441091082,87.3432155074116,12,1071.25665424809,0,1,0.4,0
ridge,high,26214,2,3461.25,10.590698717494,5.295349358747,85.1767388825542,12,1100.80393072457,0,1,0.0967040164990307,1
ridge,high,26214,3,3132.5,12.3708059706884,4.12360199022947,86.5450399087799,14,1072.16133372796,0,1,0.155436907435266,0
ridge,high,26214,4,2861.25,12.3644081164598,3.09110202911494,85.6328392246294,14,1079.73678357174,0,1,0.125828165735121,0
ridge,high,26214,5,2886.25,13.274801194319,2.65496023886379,86.6020524515393,15,1101.98750669921,0,1,0.205049698771433,0
ridge,high,26214,6,3893.75,13.2609585530272,2.21015975883786,85.3477765108324,15,1300.78184826774,1,1,8.46493053074193,0
ridge,high,26214,7,3085,12.3851867078405,1.76931238683436,86.0889395667047,14,1221.92160691477,1,1,8.25099556437206,0
ridge,high,26214,8,3108.75,13.2688417696057,1.65860522120071,85.57582668187,15,1270.96878902332,1,1,8.34626336936589,0
ridge,high,26214,9,3271.25,13.2462962771318,1.47181069745908,85.3477765108324,15,1332.57174890179,1,1,8.40665756852804,0
ridge,high,26214,10,3087.5,13.271019286158,1.3271019286158,85.290763968073,15,1336.59117518632,1,1,8.38780356713991,0
ridge,high,26214,11,3285,14.1463288028811,1.28602989117101,85.8038768529076,16,1414.18240227889,1,1,8.5236344117919,0
ridge,high,26214,12,3665,15.0436862736749,1.25364052280624,86.3740022805017,17,1517.88439469044,1,1,8.70153967627319,0
ridge,high,26215,1,5950,10.5873684738347,10.5873684738347,87.2316384180791,12,1110.81077901137,0,1,0.413494075286813,0
ridge,high,26215,2,3503.75,10.5994258356195,5.29971291780974,85.593220338983,12,1112.37440553987,0,1,0.107040936520853,0
ridge,high,26215,3,2916.25,11.4959039054796,3.83196796849319,85.0847457627119,13,1087.63954715951,0,1,0.0620076928281571,1
ridge,high,26215,4,3276.25,14.1337808008963,3.53344520022409,85.4237288135593,16,1106.14890390362,0,1,0.245600452924093,0
ridge,high,26215,5,3122.5,14.156176360185,2.83123527203701,86.4406779661017,16,1158.13460948857,0,1,0.257602613126411,0
ridge,high,26215,6,2772.5,12.3591146090656,2.05985243484427,86.2146892655367,14,1175.8330386214,0,1,0.136993411213401,0
ridge,high,26215,7,3632.5,13.2481078872107,1.8925868410301,85.4237288135593,15,1324.75147868249,1,1,8.37494644466337,0
ridge,high,26215,8,3823.75,15.0272661078398,1.87840826347998,86.7231638418079,17,1357.96633986366,1,1,8.50435609376192,0
ridge,high,26215,9,3538.75,14.160962406517,1.57344026739078,85.5367231638418,16,1372.85160966619,1,1,8.4352769225771,0
ridge,high,26215,10,3717.5,15.0155786927979,1.50155786927979,87.1751412429379,17,1430.69185230218,1,1,8.53276858797586,0
ridge,high,26215,11,3165,14.1565322175294,1.28695747432085,86.7231638418079,16,1382.51062792936,1,1,8.39363829145509,0
ridge,high,26215,12,4351.25,16.7943838221838,1.39953198518199,86.271186440678,19,1602.78188984006,1,1,8.79874114870181,0
ridge,high,26216,1,5921.25,10.5738854876697,10.5738854876697,85.5681818181818,12,1094.61807512018,0,1,0.418688223481183,0
ridge,high,26216,2,3832.5,11.4788682361432,5.73943411807158,86.8181818181818,13,1067.59672255303,0,1,0.145111209997611,0
ridge,high,26216,3,3133.75,12.3782772283633,4.12609240945445,85.625,14,1070.43005337369,0,1,0.0905733337655522,1
ridge,high,26216,4,3122.5,13.2535081496268,3.31337703740671,86.0795454545455,15,1113.48442361741,1,1,8.16094501875608,0
ridge,high,26216,5,3276.25,13.2520025114117,2.65040050228235,85.3977272727273,15,1163.33106363735,1,1,8.21732092257635,0
ridge,high,26216,6,3310,14.1533054259927,2.35888423766545,87.2159090909091,16,1174.69826255502,1,1,8.27346606694209,0
ridge,high,26216,7,3623.75,14.1287351582475,2.0183907368925,86.7045454545455,16,1286.04821345511,1,1,8.39413344212553,0
ridge,high,26216,8,3582.5,14.127388768606,1.76592359607574,85.2272727272727,16,1318.39547419042,1,1,8.4105447035805,0
ridge,high,26216,9,4266.25,15.0301965509222,1.67002183899136,86.1931818181818,17,1488.5591646878,1,1,8.66948618485623,0
ridge,high,26216,10,4006.25,15.0270500276748,1.50270500276748,86.3068181818182,17,1471.01800689602,1,1,8.62004338561556,0
ridge,high,26216,11,4055,15.9151823337107,1.44683475761007,86.5340909090909,18,1493.40029248196,1,1,8.68531540929576,0
ridge,high,26216,12,4151.25,16.7955029979295,1.39962524982745,86.0795454545455,19,1501.36752898126,1,1,8.74702992407325,0
ridge,high,26217,1,5452.5,9.69576395987978,9.69576395987978,85.1313583007267,11,1113.62318591396,0,1,0.413829788104036,0
ridge,high,26217,2,3542.5,10.5971648404113,5.29858242020567,85.3549468977082,12,1096.23770294862,0,1,0.149713112091178,0
ridge,high,26217,3,2926.25,11.5034907120888,3.8344969040296,87.3113471212968,13,1085.18823570426,0,1,0.084978698739661,1
ridge,high,26217,4,2813.75,12.3937951042219,3.09844877605547,85.8580212409167,14,1102.55550913632,0,1,0.109825125134091,0
ridge,high,26217,5,3012.5,13.2876978597809,2.65753957195617,85.5785354946898,15,1181.61291117535,1,1,8.21199216079306,0
ridge,high,26217,6,4285,14.1377252198448,2.3562875366408,85.9139183901621,16,1319.58973896871,0,1,0.50393343911248,0
ridge,high,26217,7,3645,12.3631405573646,1.76616293676637,85.1872554499721,14,1356.81840285548,1,1,8.35834469807358,0
ridge,high,26217,8,4198.75,15.0182259475632,1.8772782434454,85.9698155394075,17,1439.23458176017,1,1,8.5821349652103,0
ridge,high,26217,9,4295,15.0155225978639,1.66839139976265,86.5846841811068,17,1553.96899554555,1,1,8.65242652684643,0
ridge,high,26217,10,4383.75,15.8924556817615,1.58924556817615,86.7523756288429,18,1586.8426738531,1,1,8.71481918177015,0
ridge,high,26217,11,4665,16.7835603668758,1.52577821517052,86.5846841811068,19,1702.00788606602,1,1,8.84694860654286,0
ridge,high,26217,12,4747.5,17.6798150679453,1.47331792232878,86.5287870318614,20,1687.63341302518,1,1,8.88613996494934,0
ridge,high,26218,1,5463.75,9.70001106402176,9.70001106402176,86.2493012856344,11,1053.85709131777,0,1,0.413737282162637,0
ridge,high,26218,2,3535,10.5782089655133,5.28910448275663,86.4169927333706,12,1034.79329663324,0,1,0.145189776698789,0
ridge,high,26218,3,2887.5,11.4955248971746,3.83184163239152,86.0816098378983,13,1067.54141535427,0,1,0.108815325379097,1
ridge,high,26218,4,2931.25,13.2443844809145,3.31109612022862,86.3610955841252,15,1031.153199543,0,1,0.178133807310645,0
ridge,high,26218,5,2910,12.3548465666397,2.47096931332795,85.5785354946898,14,1097.01982936178,0,1,0.171686127944655,0
ridge,high,26218,6,3328.75,13.2558317175576,2.2093052862596,86.3051984348798,15,1160.72222297865,1,1,8.31880220542676,0
ridge,high,26218,7,3446.25,13.2672795754094,1.89532565362992,86.8641699273337,15,1236.43040840491,1,1,8.38340739803751,0
ridge,high,26218,8,4111.25,14.125118897074,1.76563986213426,86.4169927333706,16,1401.86903957674,1,1,8.62822842140302,0
ridge,high,26218,9,3728.75,15.0312242602549,1.67013602891721,85.0754611514813,17,1334.20123344471,1,1,8.57169915873352,0
ridge,high,26218,10,3126.25,13.2373587929966,1.32373587929966,86.6964784795975,15,1310.67691869084,1,1,8.37720016524264,0
ridge,high,26218,11,3195,14.1718916996243,1.28835379087494,85.6903297931806,16,1339.39256697148,1,1,8.45042626472937,0
ridge,high,26218,12,3983.75,15.9058351092494,1.32548625910411,86.0257126886529,18,1526.96943537417,1,1,8.77020863658418,0
ridge,high,26219,1,5877.5,10.5739224272199,10.5739224272199,87.1663827370812,12,1109.96499915501,0,1,0.417979722056094,0
ridge,high,26219,2,3507.5,10.588146810452,5.29407340522601,86.2578080636002,12,1087.28643866836,0,1,0.0819368817883563,1
ridge,high,26219,3,3073.75,12.3933715496393,4.13112384987976,85.6331629755821,14,1118.35109098937,1,1,8.13185984985848,0
ridge,high,26219,4,2975,13.2702551253237,3.31756378133092,85.7467348097672,15,1084.12632992408,0,1,0.136954092465749,0
ridge,high,26219,5,3903.75,13.2575140472833,2.65150280945666,85.8603066439523,15,1252.86398656136,1,1,8.37952739837769,0
ridge,high,26219,6,2923.75,13.2813242477423,2.21355404129039,85.5763770584895,15,1181.15286056553,1,1,8.19806297752654,0
ridge,high,26219,7,3177.5,13.2675578623144,1.89536540890205,86.3713798977853,15,1239.45852980496,1,1,8.27233401588394,0
ridge,high,26219,8,3382.5,13.251263698456,1.656407962307,85.0085178875639,15,1306.84273811959,1,1,8.34619865123512,0
ridge,high,26219,9,3653.75,14.1439677915912,1.57155197684346,85.0085178875639,16,1376.37035709109,1,1,8.47435716510875,0
ridge,high,26219,10,4257.5,16.7955700023922,1.67955700023922,86.1442362294151,19,1458.51592532489,1,1,8.74113517887061,0
ridge,high,26219,11,3615,15.0337263660198,1.36670239691089,85.0085178875639,17,1449.81828026135,1,1,8.56312104265225,0
ridge,high,26219,12,3773.75,15.9527147797239,1.32939289831033,86.2578080636002,18,1515.2565078599,1,1,8.67446649775063,0
ridge,high,26220,1,6001.25,10.5862295975158,10.5862295975158,85.8167770419426,12,1089.66175894237,0,1,0.4,0
ridge,high,26220,2,3762.5,11.4922318252818,5.74611591264091,87.2516556291391,13,1112.85841139998,0,1,0.177088125511856,0
ridge,high,26220,3,3097.5,12.3702807342295,4.12342691140984,85.5960264900662,14,1102.36366229559,0,1,0.129811197710845,1
ridge,high,26220,4,3252.5,14.1365531966184,3.53413829915461,85.7615894039735,16,1109.13845074636,0,1,0.255833513827178,0
ridge,high,26220,5,2990,13.2505916453683,2.65011832907366,86.7549668874172,15,1169.82378319964,0,1,0.225108706534947,0
ridge,high,26220,6,4057.5,14.1347605247811,2.35579342079685,86.7549668874172,16,1286.32174459836,1,1,8.51869143609228,0
ridge,high,26220,7,3330,13.2535886897019,1.89336981281456,86.9757174392936,15,1282.35930652133,1,1,8.36975509732521,0
ridge,high,26220,8,3306.25,14.156896075057,1.76961200938213,86.5894039735099,16,1298.77572791312,1,1,8.43212925887252,0
ridge,high,26220,9,3430,14.1395604507335,1.57106227230372,86.4238410596027,16,1346.76523348275,1,1,8.48996758717653,0
ridge,high,26220,10,3935,15.9050954980778,1.59050954980778,86.3134657836645,18,1428.14667563801,1,1,8.728125,0
ridge,high,26220,11,2961.25,13.2620360028711,1.20563963662465,85.2649006622517,15,1335.82446682541,1,1,8.36909811513498,0
ridge,high,26220,12,3276.25,14.154343904397,1.17952865869975,85.9271523178808,16,1415.38397874713,1,1,8.53138811499683,0
ridge,high,26221,1,5493.75,9.69710092522156,9.69710092522156,85.4120267260579,11,1038.29827237705,0,1,0.402058347971059,0
ridge,high,26221,2,3508.75,10.6059134976884,5.30295674884422,85.1336302895323,12,1035.26559967141,1,1,8.13589239146692,0
ridge,high,26221,3,2868.75,11.4748805864065,3.82496019546882,85.5233853006682,13,1054.47136345207,0,1,0.0880903668836271,1
ridge,high,26221,4,2972.5,12.3867222069965,3.09668055174912,85.8574610244989,14,1060.77035942732,0,1,0.146671634303572,0
ridge,high,26221,5,3392.5,13.2528890454436,2.65057780908873,87.0267260579065,15,1141.93271966934,1,1,8.30232663075656,0
ridge,high,26221,6,3095,12.381297952509,2.0635496587515,85.913140311804,14,1156.01683964652,1,1,8.22975537680802,0
ridge,high,26221,7,3462.5,14.125740493328,2.01796292761829,86.1915367483296,16,1184.2348687537,1,1,8.37855514636776,0
ridge,high,26221,8,4025,15.9048936081941,1.98811170102426,86.4699331848552,18,1275.52274821705,1,1,8.60134165108762,0
ridge,high,26221,9,3305,14.1647169807292,1.57385744230325,86.0244988864142,16,1231.64917675391,1,1,8.3883819022316,0
ridge,high,26221,10,3887.5,15.906824456164,1.5906824456164,86.4142538975501,18,1350.41616472638,1,1,8.63130275208104,0
ridge,high,26221,11,4343.75,16.7782470658433,1.52529518780394,86.6926503340757,19,1454.22407640905,1,1,8.80807352904278,0
ridge,high,26221,12,4168.75,16.8030130526045,1.40025108771704,85.9688195991091,19,1477.2714337119,1,1,8.79809523809524,0
